timestamp,relative_time_seconds,datetime,slam_process_count,slam_cpu_percent,slam_memory_mb,slam_memory_percent,cpu_cores_in_use,cpu_total_cores,system_cpu_percent,system_memory_percent,system_memory_available_mb,gpu_utilization_percent,gpu_memory_mb,cuda_cores,core_0_cpu_percent,core_1_cpu_percent,core_2_cpu_percent,core_3_cpu_percent,core_4_cpu_percent,core_5_cpu_percent,core_6_cpu_percent,core_7_cpu_percent,core_8_cpu_percent,core_9_cpu_percent,core_10_cpu_percent,core_11_cpu_percent
1750087711.2974956,1.6689300537109375e-06,2025-06-16T17:28:31.297496,3,0.0,4747.11,7.67,6,12,20.0,22.4,48006.68,13.0,2305.0,5888,100.0,0.0,33.3,50.0,50.0,0.0,0.0,33.3,0.0,0.0,50.0,0.0
1750087711.8327892,0.5352952480316162,2025-06-16T17:28:31.832789,3,103.4,5631.02,9.1,1,12,9.2,23.7,47205.56,6.0,2631.0,5888,3.7,1.9,96.2,1.9,0.0,0.0,0.0,0.0,0.0,1.9,0.0,3.8
1750087712.3643615,1.0668675899505615,2025-06-16T17:28:32.364362,3,48.9,6165.65,9.96,6,12,7.5,24.8,46572.68,1.0,2675.0,5888,1.9,3.8,45.3,5.7,1.9,3.8,7.7,5.7,5.7,0.0,5.6,0.0
1750087712.8941164,1.5966224670410156,2025-06-16T17:28:32.894116,3,1.9,6165.65,9.96,1,12,1.3,24.7,46578.05,3.0,2675.0,5888,5.6,1.9,3.7,0.0,1.9,0.0,0.0,1.9,0.0,0.0,0.0,1.9
1750087713.4283612,2.1308672428131104,2025-06-16T17:28:33.428361,3,3.7,6165.65,9.96,1,12,2.3,24.8,46562.33,4.0,2675.0,5888,7.5,1.9,3.8,3.7,0.0,1.9,1.9,0.0,1.9,0.0,0.0,1.9
1750087713.962497,2.6650030612945557,2025-06-16T17:28:33.962497,3,1.9,6165.65,9.96,0,12,1.2,24.8,46572.99,0.0,2675.0,5888,3.8,1.9,3.8,0.0,1.9,0.0,3.6,1.9,1.9,0.0,0.0,0.0
1750087714.4967923,3.19929838180542,2025-06-16T17:28:34.496792,5,52.6,6240.1,10.08,4,12,8.6,25.5,46111.13,2.0,2676.0,5888,9.4,1.9,56.6,1.9,0.0,0.0,19.2,5.6,0.0,1.9,0.0,3.7
1750087715.0280178,3.7305238246917725,2025-06-16T17:28:35.028018,5,193.8,6586.75,10.64,12,12,31.2,25.6,46074.59,7.0,2712.0,5888,38.5,24.5,84.9,27.8,20.4,21.2,43.4,22.6,29.6,22.6,22.6,23.1
1750087715.5604558,4.2629618644714355,2025-06-16T17:28:35.560456,6,123.8,8029.46,12.97,12,12,24.9,26.9,45267.42,18.0,3248.0,5888,48.2,19.6,98.2,13.0,12.7,12.3,30.9,14.3,9.3,12.5,12.7,12.5
1750087716.123731,4.826236963272095,2025-06-16T17:28:36.123731,6,221.0,9669.07,15.62,8,12,20.1,29.2,43839.3,20.0,3941.0,5888,17.0,16.7,3.7,7.4,5.6,3.8,64.8,15.1,94.4,3.8,5.5,3.8
1750087716.6567476,5.359253644943237,2025-06-16T17:28:36.656748,6,202.6,12119.6,19.58,4,12,18.4,32.7,41672.86,44.0,4822.0,5888,1.9,3.8,20.8,1.9,0.0,1.9,100.0,5.7,78.2,3.7,0.0,1.9
1750087717.1897948,5.892300844192505,2025-06-16T17:28:37.189795,6,202.5,14158.14,22.87,2,12,17.7,35.5,39896.82,59.0,5550.0,5888,0.0,1.9,0.0,3.7,0.0,0.0,100.0,3.8,98.1,3.7,0.0,1.9
1750087717.7226696,6.425175666809082,2025-06-16T17:28:37.722670,6,377.6,15931.98,25.74,10,12,33.7,38.0,38375.75,71.0,6421.0,5888,11.1,5.8,1.9,15.7,37.7,20.8,96.2,40.4,100.0,37.7,3.7,32.7
1750087718.259353,6.9618589878082275,2025-06-16T17:28:38.259353,6,704.1,16491.41,26.64,12,12,60.0,38.8,37860.16,91.0,6609.0,5888,25.0,34.5,34.5,48.1,45.3,63.0,79.6,98.1,74.1,100.0,57.4,55.6
1750087718.796221,7.498727083206177,2025-06-16T17:28:38.796221,7,383.7,17335.95,28.01,11,12,34.3,40.1,37070.59,27.0,6925.0,5888,32.7,3.8,22.6,32.1,29.6,13.5,59.3,51.9,47.2,50.0,32.1,35.8
1750087719.3289282,8.031434297561646,2025-06-16T17:28:39.328928,8,20.6,17725.27,28.64,12,12,21.9,40.4,36907.25,1.0,6925.0,5888,67.9,20.4,20.8,17.0,15.1,14.8,14.8,11.5,43.4,13.2,14.8,13.5
1750087719.859425,8.561931133270264,2025-06-16T17:28:39.859425,9,71.2,18009.69,29.1,4,12,11.0,40.5,36813.45,3.0,6922.0,5888,5.7,3.8,45.3,3.7,3.8,1.9,48.1,3.8,5.6,0.0,1.9,3.7
1750087720.3937387,9.096244812011719,2025-06-16T17:28:40.393739,9,247.6,18183.5,29.38,12,12,22.1,40.7,36700.76,0.0,6928.0,5888,89.1,16.4,18.5,14.8,14.5,14.5,23.2,14.5,13.0,14.3,12.5,16.4
1750087720.946965,9.649471044540405,2025-06-16T17:28:40.946965,10,1.9,18572.07,30.01,12,12,21.2,41.0,36535.57,1.0,6925.0,5888,72.2,17.3,14.8,20.0,14.8,14.8,26.4,14.8,22.6,15.1,13.2,15.1
1750087721.4777777,10.180283784866333,2025-06-16T17:28:41.477778,11,55.1,18882.48,30.51,12,12,21.4,41.2,36396.82,0.0,6925.0,5888,17.0,25.0,48.1,14.8,14.5,13.0,21.8,14.5,45.5,13.0,14.8,14.5
1750087722.0227723,10.725278377532959,2025-06-16T17:28:42.022772,11,216.4,19281.35,31.15,12,12,19.2,42.3,35699.33,0.0,7141.0,5888,18.9,13.5,44.2,11.3,11.5,5.7,50.0,11.5,15.1,20.4,13.0,11.5
1750087722.5567124,11.259218454360962,2025-06-16T17:28:42.556712,11,607.5,19321.39,31.22,12,12,58.0,42.8,35404.72,70.0,7608.0,5888,64.8,60.4,44.4,38.9,50.9,44.4,52.8,63.0,79.2,74.1,59.6,61.8
1750087723.0935478,11.796053886413574,2025-06-16T17:28:43.093548,11,338.6,19303.66,31.19,12,12,30.3,42.8,35399.05,26.0,7608.0,5888,17.0,20.8,22.6,13.2,40.4,24.5,43.6,39.6,51.9,50.0,18.2,24.5
1750087723.62442,12.326925992965698,2025-06-16T17:28:43.624420,11,299.8,19325.28,31.22,12,12,27.1,42.9,35329.8,37.0,7608.0,5888,34.6,7.7,18.9,11.3,16.7,17.0,22.6,46.3,35.2,43.4,43.4,28.3
1750087724.1613514,12.863857507705688,2025-06-16T17:28:44.161351,11,468.5,19396.98,31.34,12,12,40.5,42.9,35312.38,42.0,7608.0,5888,24.1,17.0,15.4,20.8,15.1,20.8,66.0,64.2,69.8,56.6,68.5,47.2
1750087724.6943705,13.396876573562622,2025-06-16T17:28:44.694371,11,199.8,19330.3,31.23,12,12,18.2,43.0,35249.91,10.0,7608.0,5888,18.9,11.3,9.4,17.3,22.6,13.5,20.4,30.2,28.8,16.7,9.4,21.2
1750087725.2245202,13.927026271820068,2025-06-16T17:28:45.224520,11,546.1,19333.08,31.24,12,12,46.7,43.1,35187.2,55.0,7608.0,5888,28.3,20.8,13.2,20.8,18.9,27.8,67.3,79.6,79.6,67.3,71.7,59.3
1750087725.7584813,14.460987329483032,2025-06-16T17:28:45.758481,11,297.1,19313.47,31.2,12,12,25.9,43.1,35209.2,36.0,7608.0,5888,14.8,9.4,9.4,7.5,9.4,28.8,41.8,43.4,44.4,44.4,43.4,19.2
1750087726.2897797,14.99228572845459,2025-06-16T17:28:46.289780,11,335.0,19344.26,31.25,12,12,29.2,43.2,35185.99,55.0,7608.0,5888,11.3,13.2,14.8,18.5,13.0,18.5,45.3,44.4,48.1,43.4,44.4,30.2
1750087726.823769,15.526275157928467,2025-06-16T17:28:46.823769,11,455.4,19346.12,31.26,12,12,39.2,43.1,35235.45,50.0,7608.0,5888,17.0,20.8,27.5,18.5,23.1,28.3,67.9,61.1,61.1,56.6,50.0,42.6
1750087727.3572953,16.05980134010315,2025-06-16T17:28:47.357295,11,207.4,19348.26,31.26,12,12,18.7,43.1,35238.32,0.0,7608.0,5888,7.5,7.5,16.4,9.4,5.7,7.7,30.2,30.2,31.5,25.9,28.8,17.3
1750087727.8904338,16.592939853668213,2025-06-16T17:28:47.890434,11,226.4,19280.71,31.15,11,12,20.2,43.0,35268.3,3.0,7607.0,5888,16.7,5.7,17.3,3.8,25.0,11.3,30.2,33.3,32.7,32.1,9.4,26.4
1750087728.4199424,17.122448444366455,2025-06-16T17:28:48.419942,11,440.5,19359.11,31.28,12,12,38.5,43.0,35284.96,51.0,7607.0,5888,36.5,13.0,13.2,14.8,35.2,26.4,46.3,66.0,64.8,66.0,37.0,45.3
1750087728.9553394,17.657845497131348,2025-06-16T17:28:48.955339,11,453.0,19338.27,31.24,12,12,38.1,42.8,35387.48,36.0,7599.0,5888,22.6,9.6,9.3,17.0,39.6,32.1,64.2,64.2,66.0,52.8,37.7,40.4
1750087729.4857726,18.188278675079346,2025-06-16T17:28:49.485773,11,171.3,19351.34,31.27,11,12,14.9,42.8,35434.08,39.0,7599.0,5888,9.4,11.1,7.7,13.2,0.0,9.3,24.5,26.4,26.4,14.8,26.4,9.4
1750087730.0179877,18.72049379348755,2025-06-16T17:28:50.017988,11,512.6,19353.71,31.27,11,12,43.2,42.8,35410.46,48.0,7599.0,5888,26.4,11.3,13.2,3.8,17.3,34.0,71.7,75.0,75.0,73.1,74.1,47.2
1750087730.5505347,19.25304079055786,2025-06-16T17:28:50.550535,11,210.6,19333.23,31.24,11,12,18.3,42.8,35397.55,0.0,7599.0,5888,13.2,18.9,7.5,1.9,5.6,7.8,22.6,25.9,31.5,31.5,30.2,20.8
1750087731.0807798,19.78328585624695,2025-06-16T17:28:51.080780,11,493.5,19364.11,31.29,12,12,41.8,42.9,35341.9,54.0,7601.0,5888,25.9,41.5,28.8,40.0,14.8,33.3,55.6,35.8,59.3,56.6,66.0,42.6
1750087731.6161199,20.318625926971436,2025-06-16T17:28:51.616120,11,395.5,19353.99,31.27,12,12,33.7,42.9,35361.51,30.0,7601.0,5888,13.5,34.6,16.7,21.2,21.2,32.1,56.6,26.4,57.7,52.8,48.1,25.0
1750087732.1476223,20.850128412246704,2025-06-16T17:28:52.147622,11,222.8,19374.22,31.3,12,12,19.4,42.9,35340.62,34.0,7601.0,5888,5.6,9.3,9.4,18.9,11.3,22.6,34.0,29.6,33.3,18.9,26.9,9.3
1750087732.683446,21.38595199584961,2025-06-16T17:28:52.683446,11,466.7,19369.39,31.29,12,12,40.1,42.9,35355.55,27.0,7601.0,5888,26.4,18.9,43.4,37.0,22.2,60.4,56.6,66.0,44.2,41.5,51.9,15.1
1750087733.2154226,21.91792869567871,2025-06-16T17:28:53.215423,11,227.0,19337.41,31.24,12,12,20.6,42.8,35414.68,3.0,7601.0,5888,12.7,9.4,13.2,15.1,20.8,14.8,32.1,32.1,32.1,23.6,20.8,21.2
1750087733.7473984,22.449904441833496,2025-06-16T17:28:53.747398,11,518.5,19381.12,31.31,12,12,43.9,42.8,35430.75,51.0,7601.0,5888,21.2,24.5,42.6,53.7,48.1,54.7,68.5,63.0,53.7,34.6,35.2,29.1
1750087734.282118,22.98462414741516,2025-06-16T17:28:54.282118,11,475.4,19353.22,31.27,12,12,43.9,42.8,35381.85,32.0,7601.0,5888,23.1,13.2,66.0,46.2,36.4,34.6,61.5,75.5,33.3,43.4,53.7,41.5
1750087734.8144586,23.51696467399597,2025-06-16T17:28:54.814459,11,210.7,19332.91,31.24,10,12,18.1,42.8,35380.91,0.0,7601.0,5888,3.8,5.7,15.4,20.4,3.8,14.8,31.5,30.2,25.0,11.5,30.2,21.2
1750087735.3447697,24.04727578163147,2025-06-16T17:28:55.344770,11,516.5,19364.47,31.29,12,12,44.1,42.7,35485.58,53.0,7601.0,5888,27.8,22.6,23.1,9.4,24.5,50.0,66.0,66.0,75.5,77.8,66.0,20.8
1750087735.8803682,24.582874298095703,2025-06-16T17:28:55.880368,11,374.3,19340.67,31.25,12,12,31.7,42.7,35455.89,30.0,7601.0,5888,5.8,9.6,27.3,39.6,15.1,27.8,54.7,48.1,57.4,22.2,39.6,26.4
1750087736.4117799,25.114285945892334,2025-06-16T17:28:56.411780,11,255.7,19377.85,31.31,12,12,22.0,42.7,35494.02,24.0,7601.0,5888,13.0,7.4,9.4,21.2,35.2,13.2,38.9,38.5,39.6,21.2,9.3,24.1
1750087736.9467661,25.649272203445435,2025-06-16T17:28:56.946766,11,463.0,19369.21,31.29,12,12,39.3,42.7,35472.0,35.0,7601.0,5888,11.5,50.0,22.6,27.8,38.5,24.1,67.9,34.5,67.9,51.9,26.4,45.3
1750087737.48177,26.18427610397339,2025-06-16T17:28:57.481770,11,590.2,19381.96,31.31,12,12,50.2,42.7,35481.98,54.0,7601.0,5888,20.8,49.1,43.4,44.4,48.1,30.8,81.1,52.8,61.1,57.4,59.3,58.5
1750087738.0127716,26.715277671813965,2025-06-16T17:28:58.012772,11,487.9,19371.96,31.3,12,12,42.4,42.8,35384.66,29.0,7601.0,5888,30.2,23.1,43.4,38.5,45.3,30.2,63.0,58.5,43.4,58.5,29.6,43.6
1750087738.5464926,27.248998641967773,2025-06-16T17:28:58.546493,11,127.4,19393.66,31.33,9,12,12.2,42.8,35412.56,29.0,7601.0,5888,17.0,3.8,3.8,15.1,5.5,1.9,13.2,21.8,21.2,5.7,18.5,17.3
1750087739.0802603,27.782766342163086,2025-06-16T17:28:59.080260,11,579.2,19364.0,31.29,12,12,49.0,42.8,35425.29,52.0,7601.0,5888,27.8,14.8,39.6,64.2,24.5,37.0,77.8,81.1,63.0,38.9,70.4,53.8
1750087739.6137087,28.31621479988098,2025-06-16T17:28:59.613709,11,220.3,19344.5,31.25,11,12,19.4,42.7,35444.29,21.0,7601.0,5888,9.6,11.1,11.3,11.1,1.9,17.0,30.2,30.2,32.1,26.4,28.8,17.0
1750087740.1441462,28.846652269363403,2025-06-16T17:29:00.144146,11,422.5,19367.09,31.29,12,12,35.5,42.6,35532.9,60.0,7601.0,5888,9.3,9.4,29.6,17.0,28.3,26.4,63.5,62.3,60.4,58.5,38.9,28.3
1750087740.6783273,29.380833387374878,2025-06-16T17:29:00.678327,11,480.6,19394.04,31.33,12,12,48.3,42.9,35317.26,49.0,7601.0,5888,30.2,50.0,15.1,30.2,24.5,24.5,76.4,55.6,73.6,66.7,64.2,66.0
1750087741.2104764,29.91298246383667,2025-06-16T17:29:01.210476,11,153.4,19370.31,31.3,12,12,21.3,43.1,35189.53,10.0,7601.0,5888,11.3,20.0,87.0,20.4,14.8,11.3,22.6,20.8,15.1,7.7,11.1,11.3
1750087741.7487378,30.45124387741089,2025-06-16T17:29:01.748738,11,559.4,19382.23,31.32,12,12,55.5,43.4,35008.73,46.0,7601.0,5888,48.1,32.1,59.6,52.8,32.1,61.1,77.4,74.1,54.7,60.0,81.1,34.5
1750087742.2808452,30.983351230621338,2025-06-16T17:29:02.280845,11,216.8,19361.75,31.28,12,12,22.8,42.9,35321.47,0.0,7601.0,5888,21.2,7.7,40.7,11.5,11.3,17.3,17.0,31.5,34.0,32.1,31.5,17.3
1750087742.8117795,31.514285564422607,2025-06-16T17:29:02.811779,11,445.4,19420.96,31.38,12,12,38.2,42.9,35314.92,49.0,7601.0,5888,9.4,16.4,42.3,38.9,13.0,28.3,66.0,66.0,29.6,38.5,66.0,42.6
1750087743.347047,32.04955315589905,2025-06-16T17:29:03.347047,11,451.1,19385.48,31.32,12,12,39.6,43.0,35300.85,38.0,7601.0,5888,11.3,15.4,45.3,18.9,9.6,34.0,66.7,66.0,43.4,63.6,62.3,39.6
1750087743.8767705,32.57927656173706,2025-06-16T17:29:03.876770,11,174.1,19386.46,31.32,11,12,15.7,42.9,35352.48,46.0,7601.0,5888,11.1,5.6,11.3,1.9,9.3,20.4,20.8,22.6,25.0,25.0,24.5,9.4
1750087744.41278,33.115286111831665,2025-06-16T17:29:04.412780,11,583.1,19359.07,31.28,12,12,50.3,42.9,35350.31,48.0,7601.0,5888,32.1,41.5,26.4,30.2,28.3,47.2,66.7,59.3,74.5,77.4,73.6,47.2
1750087744.9497755,33.652281522750854,2025-06-16T17:29:04.949775,11,511.3,19389.82,31.33,12,12,43.2,42.9,35324.3,40.0,7601.0,5888,21.8,24.5,19.2,33.3,40.7,41.5,69.8,69.8,69.8,51.9,47.2,29.6
1750087745.4854422,34.18794822692871,2025-06-16T17:29:05.485442,11,457.9,19367.01,31.29,12,12,39.4,42.9,35347.56,33.0,7601.0,5888,37.7,17.0,7.4,11.5,14.8,28.3,55.6,59.3,67.9,68.5,66.7,35.8
1750087746.021769,34.7242751121521,2025-06-16T17:29:06.021769,11,198.6,19384.04,31.32,12,12,20.7,42.9,35329.61,0.0,7601.0,5888,26.4,13.0,13.0,7.5,9.4,24.5,22.6,30.2,28.3,29.6,29.6,14.8
1750087746.5527773,35.25528335571289,2025-06-16T17:29:06.552777,11,526.1,19412.66,31.36,12,12,44.5,43.0,35310.28,48.0,7601.0,5888,48.1,17.3,41.2,35.8,39.6,42.3,50.9,72.7,46.3,50.0,54.7,37.7
1750087747.0865235,35.789029598236084,2025-06-16T17:29:07.086524,11,297.8,19374.88,31.3,12,12,25.4,42.8,35397.08,12.0,7601.0,5888,7.5,13.2,32.1,37.7,21.8,18.5,42.6,35.8,25.0,5.8,35.8,22.6
1750087747.6175172,36.32002329826355,2025-06-16T17:29:07.617517,11,347.3,19387.43,31.32,11,12,30.6,42.7,35437.59,42.0,7601.0,5888,25.9,11.3,25.9,51.9,7.8,16.7,47.2,49.1,51.9,1.9,45.3,34.0
1750087748.1507695,36.853275537490845,2025-06-16T17:29:08.150769,11,468.3,19394.89,31.34,12,12,40.2,42.9,35345.04,30.0,7601.0,5888,9.6,13.2,26.4,48.1,11.3,28.3,69.8,69.2,68.5,33.3,63.0,39.6
1750087748.6883833,37.390889406204224,2025-06-16T17:29:08.688383,11,179.0,19390.65,31.33,12,12,16.1,43.0,35285.36,22.0,7601.0,5888,7.3,5.7,13.2,18.5,7.3,7.5,24.1,25.9,24.5,11.3,22.2,18.9
1750087749.2201831,37.92268919944763,2025-06-16T17:29:09.220183,11,534.8,19391.94,31.33,12,12,46.9,43.0,35289.74,58.0,7601.0,5888,34.0,22.6,26.4,37.7,71.2,46.2,59.6,68.5,69.8,64.2,24.5,42.6
1750087749.7533648,38.45587086677551,2025-06-16T17:29:09.753365,11,306.2,19372.22,31.3,12,12,26.0,43.0,35307.72,27.0,7601.0,5888,9.6,18.9,15.1,24.1,34.0,24.1,44.4,32.1,41.5,31.5,17.0,21.2
1750087750.284769,38.98727512359619,2025-06-16T17:29:10.284769,11,344.6,19403.09,31.35,12,12,29.6,42.9,35312.57,54.0,7601.0,5888,14.8,5.8,18.9,17.3,5.7,15.1,50.9,48.1,50.9,44.4,45.3,39.6
1750087750.817778,39.5202841758728,2025-06-16T17:29:10.817778,11,492.2,19438.45,31.41,12,12,41.5,42.9,35331.73,34.0,7601.0,5888,32.7,38.9,22.6,13.0,11.1,26.4,66.7,44.2,64.8,69.2,63.0,45.3
1750087751.3517845,40.054290533065796,2025-06-16T17:29:11.351784,11,460.8,19361.1,31.28,12,12,39.5,42.9,35352.44,49.0,7601.0,5888,16.7,15.4,49.1,20.8,32.7,24.5,62.3,63.0,50.0,61.1,39.6,39.6
1750087751.8841355,40.58664155006409,2025-06-16T17:29:11.884135,11,212.3,19398.29,31.34,11,12,17.9,42.9,35332.7,0.0,7601.0,5888,5.8,1.9,26.4,9.4,7.5,7.5,29.6,28.3,13.2,28.3,27.8,25.9
1750087752.4177685,41.12027454376221,2025-06-16T17:29:12.417768,11,549.5,19409.98,31.36,12,12,46.6,43.0,35292.26,58.0,7601.0,5888,27.8,17.0,52.8,15.1,32.1,35.2,73.6,75.5,53.7,69.8,59.6,48.1
1750087752.9527762,41.65528225898743,2025-06-16T17:29:12.952776,11,463.5,19412.6,31.36,12,12,39.3,43.0,35269.72,61.0,7601.0,5888,29.6,18.5,21.2,46.3,39.6,28.3,54.7,60.4,58.5,41.5,37.0,33.3
1750087753.4863617,42.188867807388306,2025-06-16T17:29:13.486362,11,489.2,19393.12,31.33,12,12,41.8,43.0,35302.61,45.0,7601.0,5888,38.5,7.7,24.1,23.1,24.5,30.8,50.9,70.4,69.2,56.6,64.2,43.4
1750087754.0177715,42.720277547836304,2025-06-16T17:29:14.017771,11,135.2,19435.6,31.4,10,12,12.2,43.0,35300.82,9.0,7601.0,5888,7.5,3.8,11.1,5.6,18.5,3.8,16.7,18.5,20.4,20.4,5.7,13.2
1750087754.5527,43.25520610809326,2025-06-16T17:29:14.552700,11,583.3,19369.9,31.3,12,12,50.2,42.8,35386.27,55.0,7601.0,5888,33.3,39.6,28.3,32.7,39.6,41.5,67.9,58.5,77.4,66.0,70.9,50.0
1750087755.087783,43.79028916358948,2025-06-16T17:29:15.087783,11,505.1,19466.03,31.45,12,12,43.1,42.8,35419.41,37.0,7601.0,5888,7.5,44.2,35.8,31.5,36.5,29.6,75.9,50.0,59.3,55.6,46.2,49.1
1750087755.624309,44.326815128326416,2025-06-16T17:29:15.624309,11,460.1,19419.48,31.38,12,12,39.3,42.7,35440.01,51.0,7601.0,5888,22.6,14.5,52.8,37.7,32.7,30.2,66.0,64.8,34.0,40.4,40.7,34.0
1750087756.1577666,44.86027264595032,2025-06-16T17:29:16.157767,11,203.9,19399.12,31.34,12,12,18.1,42.7,35475.32,0.0,7601.0,5888,9.4,21.2,22.2,14.8,22.6,20.8,29.6,13.2,11.3,25.5,13.2,11.3
1750087756.6905837,45.39308977127075,2025-06-16T17:29:16.690584,11,550.9,19432.99,31.4,12,12,46.5,42.6,35496.64,57.0,7601.0,5888,16.7,20.4,30.2,41.5,34.0,34.0,75.5,75.9,72.2,60.4,58.5,38.9
1750087757.225307,45.9278130531311,2025-06-16T17:29:17.225307,11,468.1,19423.74,31.38,12,12,45.8,42.6,35550.2,48.0,7601.0,5888,26.4,36.5,41.5,39.6,60.4,37.0,64.2,55.8,67.9,46.3,28.3,44.2
1750087757.762902,46.46540808677673,2025-06-16T17:29:17.762902,11,466.6,19378.25,31.31,12,12,40.5,42.5,35562.08,32.0,7601.0,5888,15.4,13.2,17.0,49.1,41.8,39.6,66.0,64.8,69.8,32.1,41.5,33.3
1750087758.293918,46.996423959732056,2025-06-16T17:29:18.293918,11,161.4,19416.92,31.37,11,12,14.3,42.5,35601.92,35.0,7601.0,5888,7.4,3.7,5.7,13.2,17.0,7.5,24.5,22.6,24.5,16.7,13.0,18.5
1750087758.8287673,47.53127336502075,2025-06-16T17:29:18.828767,11,534.6,19428.45,31.39,12,12,44.8,42.6,35521.76,58.0,7601.0,5888,37.7,15.1,43.4,17.3,30.2,38.2,63.0,73.6,62.3,61.5,62.3,34.6
1750087759.3606284,48.06313443183899,2025-06-16T17:29:19.360628,11,527.1,19420.27,31.38,12,12,45.8,42.8,35400.21,52.0,7601.0,5888,30.2,28.8,31.5,20.8,26.4,29.4,65.4,65.4,66.0,75.9,69.8,39.6
1750087759.8944857,48.596991777420044,2025-06-16T17:29:19.894486,11,297.8,19400.8,31.35,12,12,26.1,42.8,35399.68,15.0,7601.0,5888,9.4,24.1,15.4,9.3,5.6,26.4,44.4,33.3,41.5,43.4,43.4,22.2
1750087760.423812,49.12631797790527,2025-06-16T17:29:20.423812,11,345.1,19432.16,31.4,11,12,30.0,42.9,35349.61,48.0,7601.0,5888,20.8,17.3,15.1,3.8,22.6,13.2,36.5,50.9,51.9,50.9,38.9,32.7
1750087760.9553719,49.657877922058105,2025-06-16T17:29:20.955372,11,483.0,19492.32,31.49,12,12,40.5,42.9,35341.83,30.0,7601.0,5888,22.6,27.8,20.8,11.3,25.0,39.6,60.4,63.0,66.0,67.9,54.7,27.8
1750087761.49264,50.19514608383179,2025-06-16T17:29:21.492640,11,465.7,19437.12,31.4,12,12,39.8,42.9,35354.46,33.0,7601.0,5888,15.1,39.6,18.9,17.0,22.6,35.8,64.8,54.7,68.5,53.7,58.5,27.8
1750087762.0248036,50.727309703826904,2025-06-16T17:29:22.024804,11,204.6,19436.98,31.4,10,12,17.5,42.8,35383.84,0.0,7601.0,5888,9.4,13.2,11.3,0.0,1.9,20.8,28.3,29.6,28.3,28.3,28.3,9.4
1750087762.5586014,51.261107444763184,2025-06-16T17:29:22.558601,11,544.3,19458.82,31.44,12,12,46.2,42.8,35375.47,55.0,7601.0,5888,32.1,22.2,34.0,9.3,13.0,28.3,74.1,81.1,64.8,80.0,64.2,51.9
1750087763.0936491,51.79615521430969,2025-06-16T17:29:23.093649,11,457.7,19440.55,31.41,12,12,39.5,42.7,35466.21,61.0,7601.0,5888,28.3,22.6,22.2,22.2,30.2,22.6,56.6,54.7,64.2,52.8,47.3,50.0
1750087763.624404,52.3269100189209,2025-06-16T17:29:23.624404,11,548.3,19470.07,31.46,12,12,46.5,42.8,35417.42,29.0,7601.0,5888,16.7,52.8,34.6,15.7,23.1,24.5,90.7,44.4,51.9,73.1,73.6,52.8
1750087764.1597345,52.86224055290222,2025-06-16T17:29:24.159734,11,116.5,19449.02,31.42,1,12,9.9,42.7,35464.86,0.0,7601.0,5888,0.0,1.9,3.7,3.7,3.7,1.9,100.0,1.9,1.9,1.9,1.9,1.9
1750087764.6917691,53.394275188446045,2025-06-16T17:29:24.691769,11,318.4,19424.94,31.38,12,12,27.6,42.6,35543.95,10.0,7601.0,5888,42.3,32.1,38.9,13.2,16.7,28.3,39.6,24.5,27.8,27.8,26.4,14.8
1750087765.225426,53.927932024002075,2025-06-16T17:29:25.225426,11,452.2,19450.93,31.43,12,12,39.2,42.5,35582.61,46.0,7601.0,5888,20.8,18.5,22.6,28.3,30.8,27.8,68.5,66.0,58.5,48.1,37.0,41.5
1750087765.760619,54.46312499046326,2025-06-16T17:29:25.760619,11,182.0,19431.48,31.39,12,12,16.4,42.7,35471.17,3.0,7601.0,5888,22.2,7.5,5.7,11.5,9.3,17.0,13.2,27.8,27.8,18.5,26.4,9.6
1750087766.290767,54.99327301979065,2025-06-16T17:29:26.290767,11,534.7,19432.85,31.4,12,12,45.6,42.7,35450.2,50.0,7601.0,5888,30.2,41.5,24.5,37.0,46.2,32.1,66.0,47.2,71.7,54.7,47.2,48.1
1750087766.8235,55.52600598335266,2025-06-16T17:29:26.823500,11,289.6,19454.76,31.43,11,12,24.4,42.7,35441.76,50.0,7601.0,5888,3.8,25.9,11.3,15.1,22.6,11.5,42.6,30.2,43.4,30.2,26.4,30.2
1750087767.3541718,56.05667781829834,2025-06-16T17:29:27.354172,11,352.9,19441.3,31.41,12,12,30.4,42.6,35499.46,43.0,7601.0,5888,7.5,17.3,16.7,25.9,41.5,16.7,51.9,47.2,50.9,30.2,20.4,39.6
1750087767.8877826,56.5902886390686,2025-06-16T17:29:27.887783,11,486.2,19408.29,31.36,12,12,41.2,42.6,35499.23,43.0,7601.0,5888,14.8,43.4,15.4,26.4,22.6,19.2,64.8,62.3,70.4,52.8,49.1,49.1
1750087768.4243865,57.12689256668091,2025-06-16T17:29:28.424387,11,472.1,19480.55,31.47,12,12,39.7,42.7,35476.18,45.0,7601.0,5888,20.4,20.4,49.1,53.7,34.0,35.2,59.6,60.4,38.5,27.8,34.0,44.2
1750087768.95878,57.66128611564636,2025-06-16T17:29:28.958780,11,588.1,19461.27,31.44,12,12,49.8,42.7,35480.81,43.0,7601.0,5888,25.0,32.1,50.0,54.7,49.1,45.1,69.8,77.4,58.5,50.9,50.9,36.4
1750087769.4906569,58.19316291809082,2025-06-16T17:29:29.490657,11,483.3,19426.79,31.39,12,12,45.1,42.5,35578.57,41.0,7601.0,5888,20.8,28.8,18.9,28.3,11.1,47.2,75.5,69.2,69.8,64.8,71.7,34.0
1750087770.0253212,58.727827310562134,2025-06-16T17:29:30.025321,11,469.5,19449.71,31.42,12,12,40.1,42.7,35455.33,45.0,7601.0,5888,27.3,26.4,32.7,34.0,26.4,43.4,59.3,53.7,56.6,41.5,53.7,26.4
1750087770.561103,59.263609170913696,2025-06-16T17:29:30.561103,11,205.3,19465.27,31.45,12,12,18.3,42.8,35421.21,3.0,7601.0,5888,7.7,13.0,9.4,20.8,17.0,13.0,30.2,28.3,28.3,16.7,13.5,20.8
1750087771.094612,59.797117948532104,2025-06-16T17:29:31.094612,11,551.3,19472.93,31.46,12,12,46.8,43.0,35310.34,55.0,7601.0,5888,18.9,9.4,29.6,26.4,20.8,38.5,73.6,75.9,72.2,69.8,75.9,49.1
1750087771.62977,60.33227610588074,2025-06-16T17:29:31.629770,11,471.7,19479.21,31.47,12,12,40.0,42.9,35357.51,41.0,7601.0,5888,18.9,17.3,22.2,26.4,43.4,38.2,64.2,56.6,66.0,50.9,41.5,35.8
1750087772.1635554,60.8660614490509,2025-06-16T17:29:32.163555,11,510.8,19480.59,31.47,12,12,44.0,42.6,35537.68,39.0,7601.0,5888,22.2,42.6,40.4,35.8,27.8,31.5,69.8,45.3,65.5,48.1,48.1,48.1
1750087772.698226,61.40073204040527,2025-06-16T17:29:32.698226,11,460.8,19494.0,31.5,12,12,41.4,42.7,35442.11,36.0,7601.0,5888,23.1,34.6,11.3,20.4,46.3,34.0,63.6,50.0,76.5,67.9,37.7,34.0
1750087773.2339592,61.9364652633667,2025-06-16T17:29:33.233959,11,190.4,19437.29,31.4,10,12,16.7,42.9,35351.72,0.0,7601.0,5888,9.4,3.8,11.3,7.4,3.8,11.3,27.8,27.8,27.3,26.4,25.9,17.0
1750087773.76721,62.46971607208252,2025-06-16T17:29:33.767210,11,446.0,19457.04,31.44,12,12,38.5,42.8,35429.78,30.0,7601.0,5888,13.0,18.5,18.5,13.2,18.9,21.6,64.2,64.2,68.5,65.5,50.0,44.4
1750087774.3045747,63.00708079338074,2025-06-16T17:29:34.304575,11,177.4,19465.26,31.45,11,12,15.3,42.8,35391.89,17.0,7601.0,5888,13.5,5.7,11.3,1.9,9.1,7.4,24.5,22.2,19.2,24.1,23.6,18.9
1750087774.8360004,63.538506507873535,2025-06-16T17:29:34.836000,11,530.0,19446.83,31.42,12,12,44.5,42.8,35405.41,55.0,7601.0,5888,28.3,9.8,34.0,16.7,26.9,34.0,65.4,75.0,60.4,75.0,65.4,48.1
1750087775.3695724,64.0720784664154,2025-06-16T17:29:35.369572,11,520.9,19500.24,31.51,12,12,44.4,42.8,35375.93,59.0,7601.0,5888,17.0,20.4,18.9,39.6,24.5,32.1,74.1,71.7,71.7,56.6,58.5,46.3
1750087775.9056137,64.60811972618103,2025-06-16T17:29:35.905614,11,414.7,19490.46,31.49,12,12,36.2,42.8,35386.59,56.0,7601.0,5888,18.9,21.2,17.0,7.8,20.8,26.9,58.5,55.6,59.3,57.4,42.6,39.6
1750087776.436397,65.13890314102173,2025-06-16T17:29:36.436397,11,212.0,19512.11,31.52,11,12,18.8,42.8,35377.32,21.0,7601.0,5888,5.6,5.7,13.2,3.7,11.5,13.0,32.1,34.5,33.3,32.1,25.9,20.4
1750087776.9713202,65.67382621765137,2025-06-16T17:29:36.971320,11,488.5,19494.02,31.5,12,12,41.4,42.8,35397.85,45.0,7601.0,5888,26.9,50.0,11.8,17.3,22.2,25.0,64.8,36.5,69.8,62.3,55.8,50.9
1750087777.5037773,66.20628333091736,2025-06-16T17:29:37.503777,11,561.9,19494.8,31.5,12,12,48.0,42.8,35407.71,49.0,7601.0,5888,31.5,37.7,33.3,24.5,24.5,39.6,79.2,69.8,66.0,63.0,75.9,34.6
1750087778.035114,66.73762011528015,2025-06-16T17:29:38.035114,11,269.6,19428.9,31.39,12,12,23.1,42.6,35514.94,43.0,7601.0,5888,9.4,11.5,15.1,7.5,9.4,21.2,38.9,37.7,37.7,34.0,37.7,15.1
1750087778.5658653,67.26837134361267,2025-06-16T17:29:38.565865,11,372.8,19487.92,31.49,12,12,31.8,42.5,35560.46,46.0,7601.0,5888,18.9,7.5,9.3,22.6,13.0,29.6,54.7,54.7,58.5,37.7,50.9,22.6
1750087779.100644,67.80315017700195,2025-06-16T17:29:39.100644,11,234.9,19468.66,31.45,12,12,19.9,42.6,35543.16,0.0,7601.0,5888,11.3,18.9,5.8,5.8,9.4,11.5,32.1,33.3,32.7,34.0,26.4,17.0
1750087779.6311367,68.33364272117615,2025-06-16T17:29:39.631137,11,395.8,19476.25,31.47,12,12,33.5,42.6,35525.66,44.0,7601.0,5888,24.5,13.2,20.4,13.0,16.7,25.9,46.2,52.8,52.8,56.6,55.8,26.4
1750087780.1647246,68.86723065376282,2025-06-16T17:29:40.164725,11,214.6,19455.34,31.43,11,12,18.7,42.6,35547.57,12.0,7601.0,5888,7.5,11.1,11.8,0.0,5.7,18.9,35.2,30.8,29.6,30.2,30.2,9.4
1750087780.6965456,69.39905166625977,2025-06-16T17:29:40.696546,11,407.6,19493.12,31.49,12,12,38.3,42.6,35557.96,53.0,7601.0,5888,31.5,32.7,24.5,17.0,15.1,28.3,52.8,53.7,50.9,56.6,61.1,37.7
1750087781.2276251,69.93013119697571,2025-06-16T17:29:41.227625,11,219.0,19472.4,31.46,12,12,19.6,42.6,35520.96,31.0,7601.0,5888,13.0,5.7,20.4,13.2,11.3,15.1,26.4,30.2,26.9,24.5,25.0,23.1
1750087781.756775,70.4592809677124,2025-06-16T17:29:41.756775,11,434.1,19483.92,31.48,12,12,37.6,42.6,35549.16,57.0,7601.0,5888,33.3,36.5,28.3,22.2,15.4,35.2,48.1,37.7,46.3,55.6,52.8,44.4
1750087782.2914305,70.99393653869629,2025-06-16T17:29:42.291430,11,508.9,19532.99,31.56,12,12,42.8,42.6,35534.33,44.0,7601.0,5888,31.5,35.8,24.5,40.7,60.4,39.6,59.3,51.9,67.3,39.6,20.0,40.4
1750087782.826766,71.52927207946777,2025-06-16T17:29:42.826766,11,470.1,19543.5,31.58,12,12,39.8,42.5,35577.66,46.0,7601.0,5888,24.1,37.0,22.6,18.9,33.3,41.8,58.5,50.9,64.2,55.6,38.5,34.0
1750087783.3614168,72.06392288208008,2025-06-16T17:29:43.361417,11,505.5,19489.76,31.49,12,12,43.1,42.5,35598.98,45.0,7601.0,5888,26.9,27.8,30.2,17.3,28.8,28.3,69.8,59.3,67.3,60.4,55.6,45.3
1750087783.892256,72.59476208686829,2025-06-16T17:29:43.892256,11,542.5,19481.02,31.47,12,12,45.8,42.5,35615.93,50.0,7601.0,5888,18.9,55.8,30.8,27.8,25.9,28.8,75.5,47.2,64.2,54.7,67.3,50.9
1750087784.4256327,73.12813878059387,2025-06-16T17:29:44.425633,11,522.5,19504.65,31.51,12,12,44.3,42.4,35650.14,63.0,7601.0,5888,22.2,47.2,22.2,15.1,30.8,40.7,74.1,62.3,67.9,66.7,53.7,28.8
1750087784.9588318,73.66133785247803,2025-06-16T17:29:44.958832,11,468.4,19489.5,31.49,12,12,39.9,42.4,35652.54,55.0,7601.0,5888,17.3,18.9,34.6,16.7,38.9,31.4,63.5,64.2,56.4,62.3,36.5,37.0
1750087785.4922938,74.19479990005493,2025-06-16T17:29:45.492294,11,498.6,19507.44,31.52,12,12,42.2,42.4,35650.32,35.0,7601.0,5888,5.7,20.4,11.1,13.2,57.4,38.2,72.2,72.2,75.0,73.6,35.2,34.0
1750087786.0263999,74.72890591621399,2025-06-16T17:29:46.026400,11,131.2,19529.0,31.55,11,12,12.3,42.5,35600.27,0.0,7601.0,5888,7.4,5.7,5.7,3.8,13.2,7.7,20.4,18.9,22.2,18.9,9.3,11.3
1750087786.5607078,75.26321387290955,2025-06-16T17:29:46.560708,11,560.4,19509.45,31.52,12,12,48.5,42.6,35531.31,60.0,7601.0,5888,20.8,26.4,26.4,27.8,29.6,35.8,79.2,77.8,71.7,73.6,71.7,43.4
1750087787.0936446,75.79615068435669,2025-06-16T17:29:47.093645,11,529.0,19521.36,31.54,12,12,45.4,42.5,35562.27,55.0,7601.0,5888,29.6,20.4,23.1,17.0,23.1,28.3,69.8,75.5,73.6,70.4,58.5,49.1
1750087787.6287682,76.33127427101135,2025-06-16T17:29:47.628768,11,467.2,19514.17,31.53,12,12,40.2,42.4,35653.75,38.0,7601.0,5888,23.1,28.3,24.1,20.4,13.0,28.8,62.3,52.8,64.2,64.2,66.0,38.9
1750087788.1597762,76.86228227615356,2025-06-16T17:29:48.159776,11,523.8,19503.66,31.51,12,12,44.7,42.4,35640.41,36.0,7601.0,5888,25.9,26.9,26.4,26.9,18.9,30.2,61.1,72.2,63.0,69.8,66.7,45.3
1750087788.6956582,77.39816427230835,2025-06-16T17:29:48.695658,11,452.0,19479.53,31.47,12,12,39.0,42.5,35580.05,33.0,7601.0,5888,28.8,30.9,20.8,31.5,31.5,28.3,51.9,48.1,63.0,47.2,46.3,40.7
1750087789.2322946,77.93480062484741,2025-06-16T17:29:49.232295,11,194.2,19496.21,31.5,11,12,17.0,42.4,35632.21,0.0,7601.0,5888,11.1,15.1,11.3,3.8,7.5,9.4,26.4,18.9,28.3,27.8,25.9,18.9
1750087789.7656744,78.46818041801453,2025-06-16T17:29:49.765674,11,442.8,19539.74,31.57,12,12,37.8,42.7,35486.43,34.0,7601.0,5888,14.8,15.1,7.7,5.8,15.1,30.2,66.0,63.0,70.4,63.0,62.3,35.2
1750087790.3010588,79.00356483459473,2025-06-16T17:29:50.301059,11,178.8,19507.83,31.52,11,12,16.0,42.6,35507.53,10.0,7601.0,5888,13.2,9.4,5.5,1.9,5.6,21.8,25.9,24.5,26.4,26.4,25.9,9.4
1750087790.8327243,79.5352303981781,2025-06-16T17:29:50.832724,11,447.9,19484.14,31.48,12,12,37.7,42.5,35567.11,47.0,7601.0,5888,13.5,11.3,9.6,13.2,20.8,27.5,67.9,66.0,65.4,64.2,49.1,42.3
1750087791.3683012,80.07080721855164,2025-06-16T17:29:51.368301,11,172.9,19501.4,31.51,11,12,16.6,42.5,35570.7,0.0,7596.0,5888,16.4,11.1,5.7,3.8,15.1,10.9,25.9,25.9,27.3,25.9,18.2,18.2
1750087791.9063034,80.60880947113037,2025-06-16T17:29:51.906303,11,463.4,19523.21,31.54,12,12,43.2,42.7,35494.88,30.0,7596.0,5888,20.8,28.3,42.6,11.3,43.6,39.6,71.7,63.0,45.3,68.5,45.3,37.7
1750087792.4415154,81.14402151107788,2025-06-16T17:29:52.441515,11,157.9,19488.23,31.49,11,12,13.9,42.6,35519.21,27.0,7596.0,5888,11.3,3.8,15.4,5.6,5.8,9.6,22.6,22.6,19.2,22.6,18.5,7.7
1750087792.976171,81.67867708206177,2025-06-16T17:29:52.976171,11,533.6,19489.7,31.49,12,12,46.0,42.6,35545.78,57.0,7596.0,5888,18.9,32.1,29.6,15.1,31.5,29.6,72.2,75.5,64.8,73.6,54.7,50.0
1750087793.5093791,82.21188521385193,2025-06-16T17:29:53.509379,11,540.7,19548.77,31.58,12,12,45.4,42.6,35504.04,58.0,7596.0,5888,50.0,25.9,7.5,22.6,5.7,43.4,59.3,73.6,77.8,66.7,77.4,34.6
1750087794.0456386,82.74814462661743,2025-06-16T17:29:54.045639,11,470.6,19514.89,31.53,12,12,39.9,42.3,35691.49,57.0,7596.0,5888,30.2,17.0,9.4,38.2,30.2,55.6,62.3,57.4,67.9,41.5,50.0,16.7
1750087794.5817745,83.28428053855896,2025-06-16T17:29:54.581774,11,501.7,19530.84,31.56,12,12,42.5,42.4,35641.66,42.0,7596.0,5888,42.6,29.1,31.5,28.3,24.5,26.4,61.5,53.7,59.3,51.9,52.8,50.9
1750087795.1129932,83.8154993057251,2025-06-16T17:29:55.112993,11,462.5,19542.37,31.57,12,12,39.2,42.4,35636.08,37.0,7596.0,5888,46.2,22.6,24.5,15.4,17.0,22.2,57.4,52.8,52.8,52.8,54.7,50.9
1750087795.6488185,84.35132455825806,2025-06-16T17:29:55.648818,11,477.9,19524.52,31.54,12,12,40.8,42.6,35557.39,28.0,7596.0,5888,35.8,24.5,39.6,37.0,16.7,45.3,58.5,52.8,55.8,42.3,56.6,24.5
1750087796.1813715,84.88387751579285,2025-06-16T17:29:56.181371,11,555.9,19525.21,31.55,12,12,46.6,42.5,35593.06,56.0,7595.0,5888,24.5,33.3,18.9,34.0,28.3,50.0,75.5,60.4,74.5,63.0,66.0,34.6
1750087796.7145526,85.41705870628357,2025-06-16T17:29:56.714553,11,536.0,19521.82,31.54,12,12,45.7,42.6,35534.53,56.0,7595.0,5888,25.5,23.1,22.6,19.2,15.1,48.1,74.1,69.8,76.9,63.0,72.2,34.5
1750087797.2507648,85.95327091217041,2025-06-16T17:29:57.250765,11,469.9,19561.4,31.6,12,12,41.1,42.6,35554.61,60.0,7595.0,5888,38.9,41.5,29.6,44.6,33.3,29.6,56.6,40.7,64.2,30.8,37.7,49.1
1750087797.782765,86.48527097702026,2025-06-16T17:29:57.782765,11,507.5,19604.99,31.67,12,12,43.9,42.7,35460.51,37.0,7595.0,5888,31.5,18.9,22.2,55.8,20.8,28.3,68.5,72.2,72.2,24.1,58.5,51.9
1750087798.3195982,87.02210426330566,2025-06-16T17:29:58.319598,11,456.0,19544.57,31.58,12,12,38.8,42.5,35562.19,40.0,7595.0,5888,30.2,16.1,24.1,20.4,26.4,35.2,56.6,62.3,59.3,55.6,45.3,40.4
1750087798.8555079,87.55801391601562,2025-06-16T17:29:58.855508,11,203.6,19544.51,31.58,12,12,17.8,42.7,35467.83,3.0,7595.0,5888,13.0,7.5,5.7,9.3,17.0,15.1,26.4,28.3,26.9,26.4,20.8,13.2
1750087799.3877645,88.09027051925659,2025-06-16T17:29:59.387764,11,436.5,19588.77,31.65,11,12,36.9,42.6,35499.81,53.0,7595.0,5888,24.5,15.1,7.5,11.3,3.7,24.5,66.0,63.5,64.2,59.6,60.4,40.7
1750087799.9227788,88.62528491020203,2025-06-16T17:29:59.922779,11,196.5,19556.33,31.6,12,12,17.2,42.7,35436.88,0.0,7595.0,5888,11.3,7.5,13.2,11.3,7.5,9.4,24.1,29.1,26.4,26.4,22.2,18.9
1750087800.4572732,89.15977931022644,2025-06-16T17:30:00.457273,11,436.2,19558.21,31.6,11,12,37.1,42.7,35478.95,31.0,7595.0,5888,24.5,13.0,18.9,1.9,7.4,36.5,66.0,64.2,57.4,63.0,63.0,29.6
1750087800.9953566,89.69786262512207,2025-06-16T17:30:00.995357,11,200.3,19558.29,31.6,10,12,16.9,42.7,35439.04,0.0,7595.0,5888,26.4,3.8,9.1,0.0,15.1,16.7,22.2,27.8,30.2,29.6,15.1,9.4
1750087801.5264554,90.22896146774292,2025-06-16T17:30:01.526455,11,434.3,19560.0,31.6,12,12,37.4,42.8,35386.4,32.0,7595.0,5888,24.5,7.5,23.1,9.4,20.8,41.5,62.3,64.2,59.3,59.3,50.0,25.9
1750087802.062258,90.76476407051086,2025-06-16T17:30:02.062258,11,188.7,19562.4,31.61,12,12,19.6,42.8,35395.86,27.0,7595.0,5888,17.0,7.5,10.9,16.7,22.2,21.2,30.2,30.2,30.2,17.0,17.0,13.5
1750087802.5957632,91.29826927185059,2025-06-16T17:30:02.595763,11,529.0,19553.02,31.59,12,12,46.2,42.7,35440.33,61.0,7595.0,5888,34.0,11.5,40.4,30.2,35.3,35.8,66.7,75.5,51.9,66.0,52.8,53.7
1750087803.1263719,91.8288779258728,2025-06-16T17:30:03.126372,11,514.7,19619.95,31.7,12,12,43.8,42.8,35403.77,56.0,7595.0,5888,45.3,14.8,11.5,18.9,39.6,35.8,58.5,70.4,72.7,72.2,41.5,41.5
1750087803.6617136,92.36421966552734,2025-06-16T17:30:03.661714,11,486.5,19545.68,31.58,12,12,41.4,42.8,35416.23,57.0,7595.0,5888,22.2,37.7,28.3,31.5,54.7,38.9,69.8,49.1,63.0,50.9,14.8,37.0
1750087804.1950185,92.89752459526062,2025-06-16T17:30:04.195019,11,230.0,19567.5,31.61,12,12,21.0,42.8,35430.85,31.0,7595.0,5888,11.3,22.6,18.9,17.0,31.5,28.3,31.5,24.5,30.2,23.1,5.7,5.8
1750087804.7260618,93.42856788635254,2025-06-16T17:30:04.726062,11,372.6,19546.2,31.58,12,12,31.3,42.7,35476.54,50.0,7595.0,5888,41.5,22.6,16.7,15.4,30.2,34.0,26.4,43.4,64.2,46.3,20.8,13.2
1750087805.2571511,93.95965719223022,2025-06-16T17:30:05.257151,11,103.6,19501.34,31.51,1,12,9.1,42.6,35534.01,2.0,7595.0,5888,0.0,3.7,0.0,1.9,0.0,1.9,1.9,1.9,100.0,1.9,0.0,1.9
1750087805.7887614,94.49126744270325,2025-06-16T17:30:05.788761,11,199.1,19539.7,31.57,11,12,17.4,42.7,35457.59,0.0,7595.0,5888,28.8,13.7,35.2,7.4,9.3,3.7,16.7,24.1,35.8,13.2,7.5,11.5
1750087806.3207953,95.02330136299133,2025-06-16T17:30:06.320795,11,455.6,19530.8,31.56,12,12,38.2,42.8,35414.05,37.0,7595.0,5888,24.1,22.2,58.5,25.9,20.8,34.0,50.9,52.8,27.8,52.8,53.7,37.7
1750087806.858314,95.56082010269165,2025-06-16T17:30:06.858314,11,156.8,19543.06,31.57,12,12,13.6,42.6,35527.13,27.0,7595.0,5888,13.0,5.7,18.9,17.0,9.4,13.2,15.1,17.0,17.0,11.1,15.1,7.4
1750087807.3913305,96.09383654594421,2025-06-16T17:30:07.391330,11,476.3,19594.36,31.66,12,12,41.0,42.6,35499.72,31.0,7595.0,5888,41.5,13.2,11.3,18.9,37.0,34.0,60.4,72.2,69.2,54.7,48.1,30.2
1750087807.9284222,96.63092827796936,2025-06-16T17:30:07.928422,11,481.0,19550.96,31.59,12,12,43.1,42.7,35494.98,57.0,7595.0,5888,32.7,22.2,46.3,44.2,35.8,35.8,54.5,61.1,57.4,42.3,45.3,39.6
1750087808.4596677,97.16217374801636,2025-06-16T17:30:08.459668,11,219.9,19530.62,31.55,11,12,19.4,42.7,35484.55,0.0,7595.0,5888,9.6,11.3,1.9,7.5,13.2,20.4,30.2,32.1,32.1,32.1,30.2,13.2
1750087808.9913218,97.69382786750793,2025-06-16T17:30:08.991322,11,404.6,19598.71,31.66,12,12,34.6,42.6,35496.72,53.0,7595.0,5888,14.8,15.1,13.0,34.0,26.9,24.5,58.5,58.5,62.3,31.5,43.4,28.8
1750087809.5249343,98.22744035720825,2025-06-16T17:30:09.524934,11,575.1,19579.72,31.63,12,12,48.8,42.5,35574.71,50.0,7595.0,5888,35.2,35.8,18.9,29.6,32.1,42.6,69.2,73.6,75.9,68.5,62.3,47.2
1750087810.0597723,98.76227831840515,2025-06-16T17:30:10.059772,11,518.3,19602.2,31.67,12,12,43.5,42.5,35604.21,52.0,7595.0,5888,28.8,24.5,30.2,20.8,13.5,37.7,54.7,67.9,73.1,61.5,63.0,45.3
1750087810.591511,99.29401707649231,2025-06-16T17:30:10.591511,11,462.8,19583.86,31.64,12,12,39.5,42.5,35604.55,44.0,7595.0,5888,33.3,22.2,28.8,32.1,30.2,24.5,43.4,60.4,52.8,51.9,49.1,43.4
1750087811.1223264,99.82483243942261,2025-06-16T17:30:11.122326,11,512.4,19596.0,31.66,12,12,43.5,42.6,35517.95,37.0,7595.0,5888,32.7,17.0,28.3,18.9,29.1,30.2,71.7,72.2,57.4,73.6,57.4,35.2
1750087811.6592944,100.3618004322052,2025-06-16T17:30:11.659294,11,454.9,19593.65,31.66,12,12,38.9,42.4,35638.62,38.0,7595.0,5888,18.5,9.3,24.5,11.3,5.7,37.0,64.8,69.8,64.8,63.0,66.0,32.1
1750087812.1945484,100.89705443382263,2025-06-16T17:30:12.194548,11,541.5,19588.28,31.65,12,12,45.4,42.6,35522.36,51.0,7595.0,5888,30.8,17.3,41.5,30.2,15.1,43.4,75.5,69.8,57.7,62.3,60.4,37.7
1750087812.726773,101.429279088974,2025-06-16T17:30:12.726773,11,431.3,19580.72,31.64,12,12,37.0,42.6,35553.79,29.0,7595.0,5888,13.0,9.4,20.8,9.4,17.0,31.5,63.0,62.3,63.0,61.1,59.3,35.2
1750087813.26177,101.96427607536316,2025-06-16T17:30:13.261770,11,187.9,19589.9,31.65,11,12,17.4,42.4,35624.43,29.0,7595.0,5888,17.0,9.4,11.3,3.8,18.5,13.5,28.3,26.4,24.5,25.0,16.7,15.1
1750087813.7967653,102.49927139282227,2025-06-16T17:30:13.796765,11,449.4,19612.89,31.69,12,12,41.9,42.6,35526.98,45.0,7595.0,5888,23.1,20.0,25.0,13.0,18.9,40.7,66.7,66.7,64.8,67.3,60.4,35.8
1750087814.3337052,103.03621125221252,2025-06-16T17:30:14.333705,11,175.7,19568.17,31.62,12,12,15.5,42.6,35516.41,6.0,7595.0,5888,13.2,7.5,5.6,5.7,7.4,7.5,25.9,26.4,24.5,24.1,24.1,13.2
1750087814.8657768,103.56828284263611,2025-06-16T17:30:14.865777,11,460.4,19605.6,31.68,12,12,39.2,42.6,35525.09,32.0,7595.0,5888,13.5,9.4,22.6,18.9,16.7,37.7,67.3,66.7,55.6,62.3,66.0,32.1
1750087815.3997726,104.10227870941162,2025-06-16T17:30:15.399773,11,146.3,19595.14,31.66,10,12,12.4,42.6,35518.1,0.0,7595.0,5888,3.7,9.6,9.4,3.8,13.5,11.1,20.8,18.9,19.2,19.2,5.7,9.4
1750087815.9317758,104.634281873703,2025-06-16T17:30:15.931776,11,489.8,19649.53,31.75,12,12,41.8,42.7,35488.47,35.0,7595.0,5888,24.5,14.8,24.5,16.7,17.0,34.0,62.3,68.5,71.7,70.4,57.4,40.7
1750087816.4667645,105.1692705154419,2025-06-16T17:30:16.466764,11,136.6,19618.21,31.7,9,12,11.8,42.7,35456.8,29.0,7595.0,5888,7.4,3.8,13.0,3.7,13.0,1.9,15.1,19.2,18.9,18.9,11.3,17.0
1750087817.0013008,105.70380687713623,2025-06-16T17:30:17.001301,11,518.8,19574.02,31.62,12,12,43.5,42.6,35497.77,34.0,7595.0,5888,30.8,15.1,15.4,5.8,38.9,41.5,68.5,72.2,72.2,74.1,47.2,37.0
1750087817.5377762,106.2402822971344,2025-06-16T17:30:17.537776,11,456.8,19612.61,31.69,12,12,42.0,42.8,35421.6,39.0,7595.0,5888,27.8,42.6,33.3,30.9,33.3,41.8,60.4,43.4,54.7,61.1,44.4,30.8
1750087818.0723815,106.7748875617981,2025-06-16T17:30:18.072381,11,542.1,19581.5,31.64,12,12,46.8,42.8,35431.2,47.0,7595.0,5888,22.6,23.1,32.1,25.5,46.2,37.3,75.5,68.5,58.5,60.4,60.4,50.0
1750087818.6038077,107.30631375312805,2025-06-16T17:30:18.603808,11,541.3,19600.34,31.67,12,12,46.6,42.9,35350.4,61.0,7595.0,5888,41.5,33.3,35.2,35.2,36.5,49.1,61.1,61.1,58.5,54.7,59.3,37.0
1750087819.137537,107.84004306793213,2025-06-16T17:30:19.137537,11,413.7,19581.58,31.64,12,12,35.8,42.8,35434.03,59.0,7595.0,5888,15.4,7.7,11.5,28.3,37.0,25.0,60.4,58.5,67.9,38.5,37.7,36.5
1750087819.6689036,108.37140965461731,2025-06-16T17:30:19.668904,11,208.6,19560.82,31.6,12,12,18.5,42.8,35407.02,0.0,7595.0,5888,9.4,5.8,20.8,26.4,13.2,16.7,29.6,28.8,15.1,5.7,30.2,17.0
1750087820.2017307,108.90423679351807,2025-06-16T17:30:20.201731,11,394.6,19608.36,31.68,12,12,33.6,42.8,35380.25,49.0,7595.0,5888,24.1,13.0,25.0,25.9,5.7,43.4,57.7,47.2,50.9,38.9,57.4,17.0
1750087820.7330132,109.43551921844482,2025-06-16T17:30:20.733013,11,536.1,19609.75,31.68,12,12,45.8,42.9,35343.78,52.0,7595.0,5888,24.1,30.2,64.8,47.1,35.8,36.5,60.0,56.4,42.6,44.4,61.5,46.3
1750087821.26664,109.96914601325989,2025-06-16T17:30:21.266640,11,414.1,19612.17,31.69,12,12,34.6,42.8,35418.11,29.0,7595.0,5888,11.3,30.2,50.0,37.7,17.0,28.3,59.6,36.5,30.8,35.8,48.1,28.8
1750087821.798315,110.50082111358643,2025-06-16T17:30:21.798315,11,202.6,19587.06,31.65,12,12,18.4,42.9,35339.67,0.0,7595.0,5888,9.4,9.3,9.3,7.4,22.2,20.0,28.3,24.1,27.8,28.3,18.9,14.8
1750087822.331138,111.03364396095276,2025-06-16T17:30:22.331138,11,437.6,19625.71,31.71,11,12,36.6,42.9,35354.84,39.0,7595.0,5888,17.3,2.0,5.8,15.1,24.5,34.6,69.1,64.2,64.2,63.0,47.2,29.6
1750087822.8664548,111.56896090507507,2025-06-16T17:30:22.866455,11,526.1,19594.91,31.66,12,12,44.7,42.9,35338.62,44.0,7595.0,5888,30.2,38.9,43.4,32.1,32.1,25.0,64.2,52.8,47.2,64.2,54.7,51.9
1750087823.3977723,112.10027837753296,2025-06-16T17:30:23.397772,11,454.0,19570.68,31.62,12,12,39.0,42.7,35474.54,43.0,7595.0,5888,30.9,13.0,37.0,26.4,14.8,28.8,66.0,66.0,45.3,45.3,59.3,34.0
1750087823.9323761,112.63488221168518,2025-06-16T17:30:23.932376,11,167.3,19587.73,31.65,11,12,15.4,42.7,35457.07,4.0,7595.0,5888,11.3,9.4,11.3,9.6,3.8,16.7,22.6,23.1,24.5,22.2,24.1,11.3
1750087824.4645653,113.16707134246826,2025-06-16T17:30:24.464565,11,472.3,19595.07,31.66,12,12,40.4,42.8,35409.64,36.0,7595.0,5888,32.7,46.2,25.9,40.7,20.4,25.0,56.6,24.1,68.5,40.4,57.7,44.2
1750087824.9997647,113.70227074623108,2025-06-16T17:30:24.999765,11,480.1,19617.83,31.7,12,12,40.6,42.9,35333.81,41.0,7595.0,5888,35.8,27.8,23.1,45.3,20.4,30.2,57.4,50.0,58.5,37.7,55.6,45.5
1750087825.5347645,114.23727059364319,2025-06-16T17:30:25.534765,11,519.9,19597.93,31.66,12,12,47.7,42.8,35393.16,31.0,7595.0,5888,25.0,24.1,41.5,27.8,18.9,33.3,73.6,72.2,74.1,60.4,64.8,53.8
1750087826.0697114,114.77221751213074,2025-06-16T17:30:26.069711,11,450.8,19648.18,31.74,12,12,38.1,42.6,35502.41,33.0,7595.0,5888,25.9,15.1,27.8,11.5,33.3,24.5,63.0,55.8,56.6,55.6,45.3,44.4
1750087826.6055224,115.30802845954895,2025-06-16T17:30:26.605522,11,552.8,19605.93,31.68,12,12,46.4,42.8,35390.82,53.0,7595.0,5888,34.0,37.0,28.3,25.9,39.6,49.1,69.8,54.7,66.0,63.0,56.6,32.7
1750087827.1374805,115.83998656272888,2025-06-16T17:30:27.137480,11,418.5,19701.23,31.83,12,12,36.3,42.9,35358.41,32.0,7595.0,5888,24.1,34.0,13.0,17.0,7.5,38.5,56.6,42.6,62.3,50.9,62.3,26.4
1750087827.6727386,116.37524461746216,2025-06-16T17:30:27.672739,11,189.9,19608.16,31.68,10,12,15.7,42.9,35367.07,20.0,7595.0,5888,19.2,15.1,3.8,17.0,0.0,16.7,20.8,22.6,26.4,13.2,25.9,5.7
1750087828.204663,116.90716910362244,2025-06-16T17:30:28.204663,11,452.0,19646.21,31.74,12,12,39.2,42.7,35463.3,44.0,7595.0,5888,34.6,20.8,18.5,11.3,30.9,37.7,53.7,59.3,65.5,61.1,50.0,27.8
1750087828.740804,117.44331002235413,2025-06-16T17:30:28.740804,11,161.0,19601.63,31.67,10,12,13.9,42.6,35504.35,0.0,7595.0,5888,18.5,1.9,11.3,7.5,5.6,18.9,15.1,21.2,22.6,17.3,22.6,3.8
1750087829.2727716,117.97527766227722,2025-06-16T17:30:29.272772,11,474.5,19608.63,31.68,12,12,41.7,42.7,35490.05,38.0,7595.0,5888,18.9,14.8,22.2,29.6,50.9,39.6,72.2,69.1,68.5,50.0,25.9,37.7
1750087829.8107965,118.51330256462097,2025-06-16T17:30:29.810796,11,484.5,19636.21,31.73,12,12,41.9,42.7,35453.18,53.0,7595.0,5888,24.1,15.4,35.8,46.3,38.5,28.3,62.3,64.8,66.0,40.7,37.7,42.6
1750087830.3427823,119.04528832435608,2025-06-16T17:30:30.342782,11,495.5,19636.84,31.73,12,12,42.3,42.6,35552.73,29.0,7595.0,5888,15.1,18.5,39.6,20.8,20.4,17.0,72.2,71.7,50.0,70.4,57.4,51.9
1750087830.8776643,119.58017039299011,2025-06-16T17:30:30.877664,11,131.8,19633.72,31.72,10,12,11.8,42.5,35571.32,29.0,7595.0,5888,13.5,1.9,5.7,5.6,3.7,9.4,18.9,18.9,16.7,17.0,18.9,13.2
1750087831.4084277,120.11093378067017,2025-06-16T17:30:31.408428,11,523.7,19613.98,31.69,11,12,44.3,42.5,35608.12,29.0,7595.0,5888,24.5,20.4,46.3,3.8,17.0,28.8,72.7,72.7,57.7,75.0,68.5,40.7
1750087831.9447758,120.6472818851471,2025-06-16T17:30:31.944776,11,450.3,19652.81,31.75,12,12,38.1,42.7,35493.86,49.0,7595.0,5888,25.9,38.9,31.5,18.9,38.5,28.3,67.3,30.8,50.9,61.1,26.4,37.7
1750087832.4794302,121.18193626403809,2025-06-16T17:30:32.479430,11,563.9,19612.11,31.69,12,12,47.9,42.8,35394.84,47.0,7595.0,5888,25.9,32.1,20.8,44.4,36.4,37.0,76.4,68.5,74.1,51.9,57.7,52.8
1750087833.0119317,121.71443772315979,2025-06-16T17:30:33.011932,11,412.3,19664.55,31.77,12,12,35.0,42.9,35369.0,58.0,7595.0,5888,23.5,7.5,13.2,21.2,26.9,25.0,57.7,57.7,57.7,42.3,48.1,34.6
1750087833.5473995,122.24990558624268,2025-06-16T17:30:33.547400,11,198.3,19623.47,31.7,12,12,17.2,42.9,35361.29,0.0,7595.0,5888,18.5,20.8,16.4,16.4,16.7,20.4,22.2,16.7,18.5,16.7,17.0,11.1
1750087834.0797396,122.78224563598633,2025-06-16T17:30:34.079740,11,440.3,19625.64,31.71,12,12,38.0,42.9,35371.13,35.0,7595.0,5888,22.6,44.2,19.2,26.9,30.2,20.8,69.8,35.8,49.1,50.0,35.2,49.1
1750087834.6159203,123.31842637062073,2025-06-16T17:30:34.615920,11,177.8,19625.73,31.71,12,12,15.8,42.8,35386.2,3.0,7595.0,5888,18.5,24.5,18.9,17.0,18.9,10.9,18.9,9.4,15.1,11.3,9.4,18.9
1750087835.146488,123.84899401664734,2025-06-16T17:30:35.146488,11,458.3,19601.7,31.67,12,12,39.7,42.7,35468.1,31.0,7595.0,5888,33.3,27.8,28.3,27.8,30.2,30.2,62.3,58.5,50.9,52.8,40.7,35.8
1750087835.6817815,124.3842875957489,2025-06-16T17:30:35.681782,11,490.7,19625.65,31.71,12,12,41.6,42.9,35314.19,41.0,7595.0,5888,26.9,24.5,31.5,25.9,20.8,38.9,63.0,59.3,64.2,55.6,56.6,30.8
1750087836.213703,124.91620898246765,2025-06-16T17:30:36.213703,11,514.3,19698.37,31.83,12,12,43.9,42.8,35404.93,35.0,7595.0,5888,22.2,13.0,23.1,18.9,16.7,45.3,74.1,71.7,72.2,67.3,67.9,32.7
1750087836.7607665,125.46327257156372,2025-06-16T17:30:36.760767,11,454.4,19653.93,31.75,12,12,42.2,43.0,35303.88,51.0,7595.0,5888,36.4,31.5,23.6,40.0,24.1,37.0,53.7,57.1,63.0,44.6,54.5,43.6
1750087837.2957664,125.99827241897583,2025-06-16T17:30:37.295766,11,564.1,19624.95,31.71,12,12,47.8,43.0,35258.21,46.0,7595.0,5888,30.2,24.5,39.6,55.8,45.3,30.2,69.8,69.2,61.1,45.3,45.3,55.8
1750087837.8295605,126.53206658363342,2025-06-16T17:30:37.829561,11,417.8,19657.02,31.76,12,12,35.7,43.0,35283.87,30.0,7595.0,5888,17.0,20.4,26.4,13.2,33.3,20.8,57.4,53.7,64.2,57.4,33.3,36.4
1750087838.3670626,127.0695686340332,2025-06-16T17:30:38.367063,11,200.7,19636.61,31.73,12,12,17.4,43.0,35284.92,0.0,7595.0,5888,7.4,13.2,13.2,14.8,9.6,18.9,26.4,20.4,28.3,22.6,24.1,7.5
1750087838.8977776,127.6002836227417,2025-06-16T17:30:38.897778,11,443.8,19713.85,31.85,12,12,37.7,43.0,35284.77,37.0,7595.0,5888,34.0,11.3,24.5,15.1,33.3,40.7,58.5,64.8,51.9,59.3,26.9,30.8
1750087839.4327068,128.1352128982544,2025-06-16T17:30:39.432707,11,429.0,19650.88,31.75,12,12,36.8,43.0,35258.4,38.0,7595.0,5888,25.9,17.0,16.7,35.8,35.8,30.2,50.9,51.9,58.5,50.9,33.3,35.2
1750087839.9627798,128.66528582572937,2025-06-16T17:30:39.962780,11,215.8,19681.89,31.8,12,12,19.2,42.9,35316.47,34.0,7595.0,5888,7.5,15.1,11.1,13.2,17.3,7.7,31.5,24.5,30.8,30.2,16.7,23.1
1750087840.4975345,129.20004057884216,2025-06-16T17:30:40.497535,11,490.8,19637.18,31.73,12,12,42.7,43.0,35299.75,57.0,7595.0,5888,22.6,18.9,37.7,34.0,39.6,28.3,67.9,64.2,61.1,50.9,35.8,54.7
1750087841.0293455,129.7318515777588,2025-06-16T17:30:41.029346,11,477.4,19655.64,31.76,12,12,40.3,42.9,35351.94,43.0,7595.0,5888,35.8,40.7,24.1,42.3,29.6,34.0,58.5,35.2,57.7,37.0,46.2,41.5
1750087841.5661309,130.2686369419098,2025-06-16T17:30:41.566131,11,345.8,19645.4,31.74,12,12,29.0,43.0,35292.77,49.0,7595.0,5888,24.1,32.1,11.8,28.3,7.5,21.2,40.7,25.9,48.1,34.0,44.4,29.6
1750087842.0975258,130.80003190040588,2025-06-16T17:30:42.097526,11,296.3,19666.79,31.77,11,12,25.4,43.0,35310.27,53.0,7595.0,5888,11.3,28.3,33.3,22.6,0.0,22.2,41.5,18.9,31.5,33.3,43.4,15.4
1750087842.6317365,131.33424258232117,2025-06-16T17:30:42.631737,11,406.2,19648.03,31.74,12,12,34.5,43.0,35310.09,40.0,7595.0,5888,25.0,17.0,16.7,46.3,29.6,31.5,58.5,54.7,48.1,15.1,41.5,32.1
1750087843.1632557,131.86576175689697,2025-06-16T17:30:43.163256,11,204.9,19669.02,31.78,12,12,18.3,42.7,35460.04,2.0,7595.0,5888,11.3,5.7,9.6,28.8,5.8,15.4,30.2,30.2,30.2,5.8,31.5,11.3
1750087843.6948655,132.39737153053284,2025-06-16T17:30:43.694865,11,396.7,19650.48,31.75,12,12,33.9,42.7,35447.42,49.0,7595.0,5888,17.0,13.2,22.2,34.5,37.0,15.4,57.4,56.6,55.6,35.2,24.5,35.8
1750087844.2267277,132.92923378944397,2025-06-16T17:30:44.226728,11,490.1,19705.25,31.84,12,12,41.7,42.8,35423.82,46.0,7595.0,5888,15.1,13.2,25.9,11.5,33.3,31.5,71.7,69.8,71.7,69.8,46.3,42.6
1750087844.7621586,133.4646646976471,2025-06-16T17:30:44.762159,11,138.9,19663.89,31.77,10,12,12.1,42.8,35376.45,3.0,7595.0,5888,7.4,3.7,7.5,3.7,5.6,11.3,18.9,18.9,25.9,18.9,15.1,11.3
1750087845.2944055,133.99691152572632,2025-06-16T17:30:45.294405,11,502.1,19750.43,31.91,12,12,44.3,42.9,35332.51,39.0,7595.0,5888,31.5,32.1,43.4,18.5,25.0,34.0,67.9,50.9,56.6,67.9,59.3,45.3
1750087845.8327804,134.5352864265442,2025-06-16T17:30:45.832780,11,469.9,19671.95,31.78,12,12,40.1,43.0,35251.45,37.0,7595.0,5888,26.9,16.7,30.2,20.4,38.9,38.9,57.4,56.6,63.0,52.7,41.5,35.2
1750087846.3679585,135.07046461105347,2025-06-16T17:30:46.367959,11,489.1,19704.86,31.84,12,12,41.6,43.0,35305.56,31.0,7595.0,5888,15.1,11.5,15.1,28.8,41.5,26.9,70.4,68.5,71.7,66.0,41.5,40.7
1750087846.8996882,135.60219430923462,2025-06-16T17:30:46.899688,11,166.7,19686.06,31.81,10,12,14.4,43.0,35299.06,30.0,7595.0,5888,9.4,5.6,15.1,0.0,1.9,15.1,20.8,22.6,22.6,22.6,22.2,7.7
1750087847.4365814,136.13908743858337,2025-06-16T17:30:47.436581,11,264.0,19665.62,31.77,12,12,22.9,43.1,35221.8,0.0,7595.0,5888,22.2,7.4,7.5,9.4,24.1,22.2,13.2,25.9,100.0,24.1,11.3,13.0
1750087847.966896,136.66940212249756,2025-06-16T17:30:47.966896,11,147.1,19673.24,31.79,5,12,13.3,43.1,35246.79,11.0,7595.0,5888,5.7,17.0,0.0,5.5,1.9,0.0,18.5,1.9,100.0,1.9,1.9,1.9
1750087848.4973886,137.19989466667175,2025-06-16T17:30:48.497389,11,222.9,19695.47,31.82,11,12,19.0,43.0,35265.43,30.0,7595.0,5888,11.3,17.3,40.4,7.7,0.0,11.1,34.6,18.5,17.0,24.5,25.9,18.5
1750087849.0336592,137.73616528511047,2025-06-16T17:30:49.033659,11,440.5,19676.06,31.79,12,12,37.4,42.9,35334.06,41.0,7595.0,5888,20.4,38.9,40.0,20.8,18.5,37.7,63.0,43.4,37.7,55.6,56.6,17.0
1750087849.5647688,138.26727485656738,2025-06-16T17:30:49.564769,11,204.6,19730.97,31.88,12,12,21.3,42.9,35334.24,27.0,7595.0,5888,15.1,14.8,20.8,18.9,20.4,17.3,26.4,25.9,30.8,24.5,25.9,13.2
1750087850.0987673,138.80127334594727,2025-06-16T17:30:50.098767,11,514.5,19678.55,31.79,12,12,44.3,43.0,35249.16,49.0,7595.0,5888,43.1,17.0,23.1,34.0,15.4,35.2,50.9,71.7,69.8,55.6,67.9,44.2
1750087850.6317813,139.33428740501404,2025-06-16T17:30:50.631781,11,461.3,19704.37,31.84,12,12,39.8,43.1,35221.26,45.0,7595.0,5888,22.6,26.9,25.9,28.3,20.0,30.8,73.6,46.3,60.4,50.0,54.7,42.6
1750087851.1648617,139.8673677444458,2025-06-16T17:30:51.164862,11,405.2,19702.04,31.83,12,12,34.8,43.2,35152.25,37.0,7595.0,5888,29.6,20.4,13.0,11.5,28.8,32.1,54.7,55.8,55.6,56.6,38.9,22.6
1750087851.6957676,140.39827370643616,2025-06-16T17:30:51.695768,11,234.8,19703.01,31.83,12,12,20.4,43.2,35132.38,44.0,7595.0,5888,13.2,5.7,23.5,9.4,5.7,15.1,29.6,34.0,20.8,34.0,29.6,22.2
1750087852.2297735,140.932279586792,2025-06-16T17:30:52.229774,11,469.4,19704.02,31.83,12,12,39.7,43.2,35182.57,56.0,7595.0,5888,36.5,14.8,16.7,11.1,32.1,30.2,66.0,66.7,64.8,66.7,41.5,30.2
1750087852.763321,141.46582698822021,2025-06-16T17:30:52.763321,11,232.6,19684.29,31.8,11,12,19.5,43.1,35191.56,19.0,7595.0,5888,11.3,5.7,30.2,1.9,5.7,17.3,32.1,32.1,25.0,32.7,22.6,11.5
1750087853.2954226,141.99792861938477,2025-06-16T17:30:53.295423,11,381.4,19706.04,31.84,12,12,32.5,43.3,35117.26,49.0,7595.0,5888,24.1,5.8,47.2,7.5,5.7,38.9,56.6,56.6,30.2,55.6,54.7,17.0
1750087853.8267715,142.5292775630951,2025-06-16T17:30:53.826771,11,424.4,19708.39,31.84,11,12,36.4,43.3,35118.99,31.0,7595.0,5888,20.8,7.4,39.6,3.8,11.3,30.2,60.4,60.4,45.3,60.4,57.4,30.2
1750087854.3619945,143.06450057029724,2025-06-16T17:30:54.361995,11,179.9,19708.47,31.84,12,12,17.1,43.0,35249.48,3.0,7596.0,5888,7.5,5.7,18.9,9.1,15.1,7.5,31.5,27.8,27.8,26.4,13.2,20.8
1750087854.8925607,143.59506678581238,2025-06-16T17:30:54.892561,11,456.6,19710.5,31.85,12,12,39.7,43.1,35227.07,44.0,7596.0,5888,22.6,20.8,21.2,7.8,29.6,26.4,64.2,57.4,64.2,64.8,49.1,46.2
1750087855.4264903,144.1289963722229,2025-06-16T17:30:55.426490,11,415.3,19691.25,31.81,12,12,36.3,43.0,35257.4,38.0,7604.0,5888,20.8,30.2,37.7,22.2,34.6,26.4,58.5,42.3,46.2,52.8,32.1,30.2
1750087855.957377,144.65988302230835,2025-06-16T17:30:55.957377,11,216.4,19713.0,31.85,11,12,19.4,43.0,35267.04,30.0,7604.0,5888,3.8,11.5,32.1,5.7,7.4,11.5,32.1,24.5,18.9,32.1,29.6,22.6
1750087856.4899964,145.1925024986267,2025-06-16T17:30:56.489996,11,408.1,19693.74,31.82,12,12,36.2,43.1,35233.04,55.0,7605.0,5888,19.2,17.0,28.3,11.3,17.0,20.8,58.5,61.1,48.1,58.5,54.7,40.4
1750087857.0207782,145.72328424453735,2025-06-16T17:30:57.020778,11,223.5,19715.73,31.85,12,12,19.9,43.2,35165.32,48.0,7605.0,5888,20.8,7.4,22.2,5.7,18.9,9.3,33.3,32.1,17.3,34.0,15.4,24.1
1750087857.5558918,146.2583978176117,2025-06-16T17:30:57.555892,11,411.3,19696.2,31.82,12,12,35.8,43.2,35172.93,41.0,7605.0,5888,29.6,15.1,44.4,11.1,38.5,17.3,58.5,57.4,35.2,58.2,25.9,37.7
1750087858.0896628,146.79216885566711,2025-06-16T17:30:58.089663,11,230.9,19738.41,31.89,12,12,21.3,43.1,35202.37,50.0,7605.0,5888,13.2,9.4,25.0,5.8,14.8,14.8,30.2,32.7,20.4,32.7,24.5,29.6
1750087858.622651,147.32515716552734,2025-06-16T17:30:58.622651,11,478.3,19697.95,31.83,12,12,41.8,43.2,35180.18,63.0,7605.0,5888,24.5,34.6,24.5,31.5,14.8,45.3,68.5,53.7,65.4,43.4,65.4,28.3
1750087859.1545606,147.85706663131714,2025-06-16T17:30:59.154561,11,231.1,19719.41,31.86,12,12,20.3,43.2,35148.34,29.0,7605.0,5888,11.5,18.5,16.7,7.7,9.6,7.7,34.0,17.0,32.1,30.2,33.3,26.4
1750087859.6855667,148.38807272911072,2025-06-16T17:30:59.685567,11,398.4,19699.76,31.83,12,12,33.9,43.2,35182.95,56.0,7605.0,5888,9.4,42.3,28.8,24.1,9.4,28.3,56.6,22.6,52.8,45.3,49.1,38.9
1750087860.2177134,148.92021942138672,2025-06-16T17:31:00.217713,11,250.8,19721.8,31.86,12,12,26.4,43.1,35212.73,47.0,7605.0,5888,24.5,20.8,15.4,23.1,27.8,26.4,35.8,32.1,35.8,22.6,23.1,25.0
1750087860.7492986,149.45180463790894,2025-06-16T17:31:00.749299,11,374.9,19702.43,31.83,12,12,32.9,43.0,35269.53,45.0,7597.0,5888,13.2,17.0,22.6,9.4,34.0,25.9,48.1,54.7,54.7,54.7,28.3,34.0
1750087861.2827687,149.98527479171753,2025-06-16T17:31:01.282769,11,250.9,19724.38,31.87,12,12,22.5,43.1,35198.05,9.0,7597.0,5888,16.7,11.3,11.5,9.6,15.1,32.1,28.8,35.2,35.8,35.2,33.3,5.7
