Run,Scene,Config,HashSize,ATE_RMSE
1,office0,A,19,0.0053636822006101195
1,office0,B,19,0.005485636090842303
1,office0,C,19,0.00731270619145514
1,office0,D,19,0.006668598765495018
1,office1,A,19,0.005457689479484891
1,office1,B,19,0.004779816035324096
1,office1,C,19,0.007212516477924374
1,office1,D,19,0.006854181221600525
1,office2,A,19,0.01840787667420039
1,office2,B,19,0.01798960252574711
1,office2,C,19,0.01957963422234195
1,office2,D,19,0.01953309684957004
1,office3,A,19,0.013016977768960205
1,office3,B,19,0.012812536734302719
1,office3,C,19,0.013044591813293266
1,office3,D,19,0.01360745157771273
1,office4,A,19,0.007340212780484155
1,office4,B,19,0.007966505370198778
1,office4,C,19,0.008502741990991937
1,office4,D,19,0.008248201278030106
1,room0,A,19,0.005640957248277615
1,room0,B,19,0.005626327708331494
1,room0,C,19,0.007699049329315202
1,room0,D,19,0.006421270160840788
1,room1,A,19,0.01122840582597523
1,room1,B,19,0.007249940632457608
1,room1,C,19,0.013701836074382636
1,room1,D,19,0.012103483963415571
1,room2,A,19,0.01049307372188283
1,room2,B,19,0.009174763367649072
1,room2,C,19,0.013062884548278215
1,room2,D,19,0.01048315743018275
2,office0,A,19,0.005209678246971665
2,office0,B,19,0.00522731291820722
2,office0,C,19,0.00755767577769662
2,office0,D,19,0.007003594601597105
2,office1,A,19,0.005020122888084587
2,office1,B,19,0.006044462891861633
2,office1,C,19,0.011501455442336463
2,office1,D,19,0.009095346734866372
2,office2,A,19,0.01853068042536552
2,office2,B,19,0.02063693842440634
2,office2,C,19,0.01987700164641461
2,office2,D,19,0.02013626066283379
2,office3,A,19,0.012676924685026542
2,office3,B,19,0.012504535673515954
2,office3,C,19,0.014731380071342164
2,office3,D,19,0.013681844581947968
2,office4,A,19,0.007016308703133355
2,office4,B,19,0.008006967225450483
2,office4,C,19,0.008537139953212166
2,office4,D,19,0.008445274839357494
2,room0,A,19,0.006494858734783767
2,room0,B,19,0.006047645709198792
2,room0,C,19,0.007081851607981469
2,room0,D,19,0.007491817240675772
2,room1,A,19,0.009939182217289467
2,room1,B,19,0.007283674728835371
2,room1,C,19,0.011515949346508216
2,room1,D,19,0.014075739415066053
2,room2,A,19,0.009684309341366633
2,room2,B,19,0.010083420508308964
2,room2,C,19,0.012229649889251513
2,room2,D,19,0.01136922781693211
3,office0,A,19,0.005464754567832309
3,office0,B,19,0.005557491670805925
3,office0,C,19,0.007255570050864621
3,office0,D,19,0.006793149847090095
3,office1,A,19,0.004944911274892993
3,office1,B,19,0.005245390473546149
3,office1,C,19,0.006536384768089465
3,office1,D,19,0.008412920794996956
3,office2,A,19,0.01923267555710861
3,office2,B,19,0.018092472794655284
3,office2,C,19,0.020680534627342435
3,office2,D,19,0.022028066824957695
3,office3,A,19,0.012401895286639543
3,office3,B,19,0.013540409839977804
3,office3,C,19,0.012643113373602946
3,office3,D,19,0.012715911231150427
3,office4,A,19,0.007339194895314621
3,office4,B,19,0.0075629994790958315
3,office4,C,19,0.008744255194493972
3,office4,D,19,0.00812050197453311
3,room0,A,19,0.0062169071085125815
3,room0,B,19,0.005547475676078648
3,room0,C,19,0.007651092386348359
3,room0,D,19,0.006440736128042192
3,room1,A,19,0.008397139550637889
3,room1,B,19,0.007361787963532151
3,room1,C,19,0.01409846198075374
3,room1,D,19,0.008542612558947641
3,room2,A,19,0.01086360641186554
3,room2,B,19,0.0094459319457121
3,room2,C,19,0.010465586035610975
3,room2,D,19,0.011176916667174665
4,office0,A,19,0.0054676804940835605
4,office0,B,19,0.00584143283128565
4,office0,C,19,0.007130291712893393
4,office0,D,19,0.007260026227078953
4,office1,A,19,0.005180168981283372
4,office1,B,19,0.005042869480072179
4,office1,C,19,0.0068992537809558505
4,office1,D,19,0.006460669692476036
4,office2,A,19,0.019401438818597024
4,office2,B,19,0.020090942463219515
4,office2,C,19,0.0201890239143143
4,office2,D,19,0.021266133468978154
4,office3,A,19,0.01290419824575456
4,office3,B,19,0.013547005058697636
4,office3,C,19,0.013472083395554665
4,office3,D,19,0.013530647195060924
4,office4,A,19,0.007499269576835625
4,office4,B,19,0.008065967284051102
4,office4,C,19,0.008135373605020448
4,office4,D,19,0.008292140227474548
4,room0,A,19,0.005792436645848787
4,room0,B,19,0.005903863675837557
4,room0,C,19,0.0069882020965088875
4,room0,D,19,0.007184103274560772
4,room1,A,19,0.008562473363487514
4,room1,B,19,0.008232797180022693
4,room1,C,19,0.010676904235640806
4,room1,D,19,0.012211126353704924
4,room2,A,19,0.009864327388643476
4,room2,B,19,0.010120433260856952
4,room2,C,19,0.0116673934277086
4,room2,D,19,0.010483883965738287
5,office0,A,19,0.0055188897326297875
5,office0,B,19,0.005320100755777706
5,office0,C,19,0.006800364474713715
5,office0,D,19,0.007472813821245103
5,office1,A,19,0.005273357200454616
5,office1,B,19,0.00616967473339194
5,office1,C,19,0.0071499009870294224
5,office1,D,19,0.006869037251751876
5,office2,A,19,0.018440192952662013
5,office2,B,19,0.018309366323425173
5,office2,C,19,0.020713741242349336
5,office2,D,19,0.02038890446930411
5,office3,A,19,0.013609108952727478
5,office3,B,19,0.012609196508567478
5,office3,C,19,0.013037418229359431
5,office3,D,19,0.013275249650461571
5,office4,A,19,0.007408911384017275
5,office4,B,19,0.008023112784930767
5,office4,C,19,0.00801759619571915
5,office4,D,19,0.008714558293755377
5,room0,A,19,0.007192037472160141
5,room0,B,19,0.005965188763361483
5,room0,C,19,0.008129267009271142
5,room0,D,19,0.006733405959714119
5,room1,A,19,0.008254243496051623
5,room1,B,19,0.006663687348920412
5,room1,C,19,0.014202269364974629
5,room1,D,19,0.01104290867807691
5,room2,A,19,0.010633441011250624
5,room2,B,19,0.009779184295288932
5,room2,C,19,0.011755062862667538
5,room2,D,19,0.009948777542099873
6,office0,A,19,0.005466823824750905
6,office0,B,19,0.005418840549203302
6,office0,C,19,0.006797479060125211
6,office0,D,19,0.006928913566108069
6,office1,A,19,0.004882420890844521
6,office1,B,19,0.004759777729859791
6,office1,C,19,0.006775518983421045
6,office1,D,19,0.008838282527852055
6,office2,A,19,0.01927142206460547
6,office2,B,19,0.01829224261628756
6,office2,C,19,0.020158759808941353
6,office2,D,19,0.01922278922951333
6,office3,A,19,0.012725752510108535
6,office3,B,19,0.01318163146014796
6,office3,C,19,0.013780426506994702
6,office3,D,19,0.013334733749784788
6,office4,A,19,0.006985560581747977
6,office4,B,19,0.00756208219529085
6,office4,C,19,0.008067395122881462
6,office4,D,19,0.00839948956002114
6,room0,A,19,0.00580715397339393
6,room0,B,19,0.006548254187437735
6,room0,C,19,0.006957024103990399
6,room0,D,19,0.007018313025338312
6,room1,A,19,0.008276740952014148
6,room1,B,19,0.007002376044136761
6,room1,C,19,0.013039325675054078
6,room1,D,19,0.008625751822240157
6,room2,A,19,0.010928102966115343
6,room2,B,19,0.01014592969896465
6,room2,C,19,0.013153301114462274
6,room2,D,19,0.011227954457415323
7,office0,A,19,0.0053239697714999226
7,office0,B,19,0.00515720414539787
7,office0,C,19,0.0075345203173226745
7,office0,D,19,0.0072922312605932516
7,office1,A,19,0.004821972968137658
7,office1,B,19,0.005630898051229874
7,office1,C,19,0.006232737487257901
7,office1,D,19,0.009496731123176937
7,office2,A,19,0.0191150744329481
7,office2,B,19,0.018794426899952175
7,office2,C,19,0.018958719275379125
7,office2,D,19,0.0206274867725979
7,office3,A,19,0.012681027058960626
7,office3,B,19,0.012942153742047036
7,office3,C,19,0.01409384681298161
7,office3,D,19,0.013736813387502331
7,office4,A,19,0.0073786461381581785
7,office4,B,19,0.0073133797769116176
7,office4,C,19,0.008434758845864398
7,office4,D,19,0.008646199423122142
7,room0,A,19,0.006236737632311512
7,room0,B,19,0.005962296232348063
7,room0,C,19,0.007208165010409164
7,room0,D,19,0.00708047676722532
7,room1,A,19,0.010658339071898839
7,room1,B,19,0.007427522080308018
7,room1,C,19,0.011329143403850654
7,room1,D,19,0.011026799453544865
7,room2,A,19,0.010683709848264644
7,room2,B,19,0.009971108762202668
7,room2,C,19,0.011830546694737118
7,room2,D,19,0.011502586765728653
8,office0,A,19,0.005563553494665911
8,office0,B,19,0.0056153829342629686
8,office0,C,19,0.00720983584536819
8,office0,D,19,0.006800138574381826
8,office1,A,19,0.008234570612918593
8,office1,B,19,0.0049977202662223885
8,office1,C,19,0.006587120675672849
8,office1,D,19,0.007969898068144493
8,office2,A,19,0.017834118418895564
8,office2,B,19,0.01925927175555078
8,office2,C,19,0.020147469686839333
8,office2,D,19,0.02207417192341911
8,office3,A,19,0.012723351363827943
8,office3,B,19,0.013261397212693265
8,office3,C,19,0.01456179248627408
8,office3,D,19,0.013305390822821395
8,office4,A,19,0.00750818429477192
8,office4,B,19,0.008043342338744645
8,office4,C,19,0.008394550852118448
8,office4,D,19,0.008578130514470877
8,room0,A,19,0.007152996214928489
8,room0,B,19,0.005842682990042392
8,room0,C,19,0.006760276844217784
8,room0,D,19,0.0064949345308360305
8,room1,A,19,0.006892320625723955
