0,0.000000,0.000000,0.000000
1,45.184000,45.184000,0.000000
2,40.002528,40.002528,0.000000
3,39.225184,39.225184,0.000000
4,39.402400,39.402400,0.000000
5,134.779456,37.785696,96.993760
6,39.321248,39.321248,0.000000
7,37.700512,37.700512,0.000000
8,38.919328,38.919328,0.000000
9,38.652608,38.652608,0.000000
10,122.844479,40.334976,82.509503
11,40.425856,40.425856,0.000000
12,40.928768,40.928768,0.000000
13,39.264128,39.264128,0.000000
14,38.781408,38.781408,0.000000
15,119.525791,38.421792,81.104000
16,40.119456,40.119456,0.000000
17,38.875072,38.875072,0.000000
18,40.555104,40.555104,0.000000
19,38.763808,38.763808,0.000000
20,115.366816,38.881791,76.485024
21,39.630848,39.630848,0.000000
22,39.865280,39.865280,0.000000
23,38.577984,38.577984,0.000000
24,38.637120,38.637120,0.000000
25,112.362721,38.132000,74.230721
26,39.117344,39.117344,0.000000
27,39.449824,39.449824,0.000000
28,39.411584,39.411584,0.000000
29,38.359808,38.359808,0.000000
30,114.661857,40.400352,74.261505
31,39.459840,39.459840,0.000000
32,39.139104,39.139104,0.000000
33,39.366879,39.366879,0.000000
34,41.091232,41.091232,0.000000
35,112.337376,38.828129,73.509248
36,38.310592,38.310592,0.000000
37,38.166560,38.166560,0.000000
38,39.017376,39.017376,0.000000
39,40.017152,40.017152,0.000000
40,112.693217,39.754496,72.938721
41,39.758080,39.758080,0.000000
42,39.590624,39.590624,0.000000
43,40.188416,40.188416,0.000000
44,39.964928,39.964928,0.000000
45,109.966080,37.901568,72.064512
46,40.576672,40.576672,0.000000
47,38.688032,38.688032,0.000000
48,40.378240,40.378240,0.000000
49,38.139520,38.139520,0.000000
50,112.710272,39.863328,72.846944
51,39.573311,39.573311,0.000000
52,38.591200,38.591200,0.000000
53,38.619712,38.619712,0.000000
54,40.140735,40.140735,0.000000
55,110.907360,37.926528,72.980832
56,39.587872,39.587872,0.000000
57,41.120224,41.120224,0.000000
58,40.382464,40.382464,0.000000
59,38.774720,38.774720,0.000000
60,111.134529,39.401472,71.733057
61,38.588128,38.588128,0.000000
62,39.116800,39.116800,0.000000
63,39.326720,39.326720,0.000000
64,40.197632,40.197632,0.000000
65,110.597344,38.621440,71.975904
66,39.104640,39.104640,0.000000
67,39.803360,39.803360,0.000000
68,38.510592,38.510592,0.000000
69,38.765792,38.765792,0.000000
70,110.882560,39.705696,71.176864
71,39.046144,39.046144,0.000000
72,40.481472,40.481472,0.000000
73,41.008896,41.008896,0.000000
74,38.484576,38.484576,0.000000
75,106.713760,37.994496,68.719265
76,39.632097,39.632097,0.000000
77,38.007072,38.007072,0.000000
78,38.299328,38.299328,0.000000
79,38.142976,38.142976,0.000000
80,106.845088,38.380608,68.464480
81,38.437056,38.437056,0.000000
82,38.686016,38.686016,0.000000
83,38.352096,38.352096,0.000000
84,38.528224,38.528224,0.000000
85,107.211039,38.063456,69.147583
86,38.687584,38.687584,0.000000
87,38.052864,38.052864,0.000000
88,38.522784,38.522784,0.000000
89,38.140512,38.140512,0.000000
90,107.276959,38.342560,68.934400
91,39.705792,39.705792,0.000000
92,38.537696,38.537696,0.000000
93,38.042304,38.042304,0.000000
94,38.499616,38.499616,0.000000
95,107.025537,37.904288,69.121249
96,38.702336,38.702336,0.000000
97,38.017504,38.017504,0.000000
98,38.555712,38.555712,0.000000
99,38.211872,38.211872,0.000000
100,106.974464,38.400576,68.573888
101,39.831648,39.831648,0.000000
102,40.317280,40.317280,0.000000
103,39.465664,39.465664,0.000000
104,39.335168,39.335168,0.000000
105,108.264288,39.435776,68.828512
106,38.914432,38.914432,0.000000
107,38.240256,38.240256,0.000000
108,38.684832,38.684832,0.000000
109,38.341216,38.341216,0.000000
110,107.308481,38.615872,68.692608
111,38.346848,38.346848,0.000000
112,38.489952,38.489952,0.000000
113,38.200800,38.200800,0.000000
114,38.587968,38.587968,0.000000
115,106.979329,38.216800,68.762528
116,38.888192,38.888192,0.000000
117,38.057280,38.057280,0.000000
118,38.513664,38.513664,0.000000
119,38.349440,38.349440,0.000000
120,107.409824,38.567104,68.842720
121,39.716384,39.716384,0.000000
122,38.860768,38.860768,0.000000
123,38.285824,38.285824,0.000000
124,38.750144,38.750144,0.000000
125,106.983584,38.229664,68.753920
126,38.778528,38.778528,0.000000
127,38.508704,38.508704,0.000000
128,38.915808,38.915808,0.000000
129,38.469504,38.469504,0.000000
130,108.031680,38.872320,69.159360
131,38.531200,38.531200,0.000000
132,38.914432,38.914432,0.000000
133,38.687040,38.687040,0.000000
134,38.762688,38.762688,0.000000
135,108.894176,38.206464,70.687712
136,39.284608,39.284608,0.000000
137,38.420608,38.420608,0.000000
138,39.872864,39.872864,0.000000
139,38.193152,38.193152,0.000000
140,110.137888,38.787008,71.350880
141,39.248480,39.248480,0.000000
142,41.317376,41.317376,0.000000
143,39.082688,39.082688,0.000000
144,41.911488,41.911488,0.000000
145,109.474017,38.762912,70.711105
146,38.928992,38.928992,0.000000
147,40.592224,40.592224,0.000000
148,39.400576,39.400576,0.000000
149,38.660096,38.660096,0.000000
150,110.014560,38.771775,71.242784
151,40.399168,40.399168,0.000000
152,38.779872,38.779872,0.000000
153,40.482816,40.482816,0.000000
154,38.444607,38.444607,0.000000
155,108.184576,38.369824,69.814752
156,38.481024,38.481024,0.000000
157,40.617440,40.617440,0.000000
158,40.221343,40.221343,0.000000
159,39.269856,39.269856,0.000000
160,109.082625,39.508096,69.574529
161,38.324064,38.324064,0.000000
162,38.429248,38.429248,0.000000
163,38.323488,38.323488,0.000000
164,39.421472,39.421472,0.000000
165,106.942143,38.297696,68.644447
166,38.275968,38.275968,0.000000
167,38.767168,38.767168,0.000000
168,38.455264,38.455264,0.000000
169,40.609984,40.609984,0.000000
170,112.458272,40.517664,71.940608
171,37.926112,37.926112,0.000000
172,41.617408,41.617408,0.000000
173,39.755327,39.755327,0.000000
174,39.655841,39.655841,0.000000
175,110.259487,39.525440,70.734047
176,40.322816,40.322816,0.000000
177,39.055040,39.055040,0.000000
178,39.646495,39.646495,0.000000
179,41.896640,41.896640,0.000000
180,112.749215,40.508159,72.241056
181,40.469504,40.469504,0.000000
182,38.146240,38.146240,0.000000
183,40.518080,40.518080,0.000000
184,39.548704,39.548704,0.000000
185,111.242976,39.643937,71.599040
186,39.315521,39.315521,0.000000
187,38.553345,38.553345,0.000000
188,39.894656,39.894656,0.000000
189,38.066208,38.066208,0.000000
190,106.549920,38.081536,68.468384
191,39.895040,39.895040,0.000000
192,39.171072,39.171072,0.000000
193,39.041888,39.041888,0.000000
194,39.076864,39.076864,0.000000
195,111.885249,39.923841,71.961408
196,39.058784,39.058784,0.000000
197,38.153024,38.153024,0.000000
198,40.439808,40.439808,0.000000
199,40.266753,40.266753,0.000000
200,110.441503,39.312384,71.129119
201,39.487040,39.487040,0.000000
202,40.089216,40.089216,0.000000
203,39.071584,39.071584,0.000000
204,38.864768,38.864768,0.000000
205,106.316448,37.921952,68.394496
206,39.960544,39.960544,0.000000
207,40.938496,40.938496,0.000000
208,39.015456,39.015456,0.000000
209,40.088544,40.088544,0.000000
210,110.733567,38.827008,71.906559
211,40.673504,40.673504,0.000000
212,38.617792,38.617792,0.000000
213,37.909440,37.909440,0.000000
214,38.784064,38.784064,0.000000
215,106.727584,38.229472,68.498112
216,39.238624,39.238624,0.000000
217,38.090752,38.090752,0.000000
218,38.461600,38.461600,0.000000
219,38.332448,38.332448,0.000000
220,107.270880,38.572960,68.697920
221,38.858752,38.858752,0.000000
222,38.575424,38.575424,0.000000
223,38.110015,38.110015,0.000000
224,38.365280,38.365280,0.000000
225,106.600895,38.143872,68.457023
226,38.747936,38.747936,0.000000
227,38.094336,38.094336,0.000000
228,38.625728,38.625728,0.000000
229,38.023584,38.023584,0.000000
230,106.542944,38.198272,68.344672
231,38.522208,38.522208,0.000000
232,38.281024,38.281024,0.000000
233,37.928192,37.928192,0.000000
234,38.660544,38.660544,0.000000
235,108.903743,38.425824,70.477920
236,38.007424,38.007424,0.000000
237,37.840992,37.840992,0.000000
238,38.323552,38.323552,0.000000
239,37.915648,37.915648,0.000000
240,107.410847,38.183200,69.227647
241,38.278176,38.278176,0.000000
242,38.408096,38.408096,0.000000
243,37.988256,37.988256,0.000000
244,38.143232,38.143232,0.000000
245,108.520704,38.325248,70.195456
246,39.308544,39.308544,0.000000
247,38.309248,38.309248,0.000000
248,38.642752,38.642752,0.000000
249,40.556544,40.556544,0.000000
250,107.663296,38.735168,68.928128
251,38.281568,38.281568,0.000000
252,38.735232,38.735232,0.000000
253,38.195008,38.195008,0.000000
254,38.100352,38.100352,0.000000
255,107.531968,38.495104,69.036864
256,38.986944,38.986944,0.000000
257,38.747136,38.747136,0.000000
258,38.734016,38.734016,0.000000
259,38.318048,38.318048,0.000000
260,108.114943,38.630816,69.484128
261,38.361088,38.361088,0.000000
262,38.538496,38.538496,0.000000
263,38.058016,38.058016,0.000000
264,38.664768,38.664768,0.000000
265,107.736192,38.362176,69.374016
266,38.950624,38.950624,0.000000
267,38.098400,38.098400,0.000000
268,38.297408,38.297408,0.000000
269,38.354048,38.354048,0.000000
270,107.421761,38.209312,69.212449
271,40.517824,40.517824,0.000000
272,38.639936,38.639936,0.000000
273,39.424672,39.424672,0.000000
274,38.394464,38.394464,0.000000
275,108.436064,38.727744,69.708320
276,39.510624,39.510624,0.000000
277,38.419456,38.419456,0.000000
278,38.249631,38.249631,0.000000
279,38.319936,38.319936,0.000000
280,107.798080,38.401920,69.396160
281,38.659488,38.659488,0.000000
282,38.591616,38.591616,0.000000
283,38.041984,38.041984,0.000000
284,38.564960,38.564960,0.000000
285,107.888160,38.351328,69.536832
286,39.028096,39.028096,0.000000
287,37.822880,37.822880,0.000000
288,38.453472,38.453472,0.000000
289,38.177792,38.177792,0.000000
290,107.607520,38.309952,69.297568
291,42.088161,42.088161,0.000000
292,40.332288,40.332288,0.000000
293,39.092480,39.092480,0.000000
294,41.003967,41.003967,0.000000
295,108.637792,39.394592,69.243200
296,38.529184,38.529184,0.000000
297,38.009664,38.009664,0.000000
298,38.392064,38.392064,0.000000
299,39.675168,39.675168,0.000000
300,110.850720,40.402912,70.447808
301,39.759168,39.759168,0.000000
302,38.061632,38.061632,0.000000
303,38.535072,38.535072,0.000000
304,38.360000,38.360000,0.000000
305,107.378431,38.090336,69.288095
306,38.773440,38.773440,0.000000
307,37.846944,37.846944,0.000000
308,38.119168,38.119168,0.000000
309,38.153504,38.153504,0.000000
310,108.379648,38.360736,70.018912
311,41.184352,41.184352,0.000000
312,38.641920,38.641920,0.000000
313,37.770560,37.770560,0.000000
314,39.796384,39.796384,0.000000
315,106.969344,38.204096,68.765248
316,39.628384,39.628384,0.000000
317,40.681632,40.681632,0.000000
318,37.666208,37.666208,0.000000
319,38.076832,38.076832,0.000000
320,109.513185,39.382464,70.130720
321,39.408128,39.408128,0.000000
322,40.110080,40.110080,0.000000
323,38.089568,38.089568,0.000000
324,39.424608,39.424608,0.000000
325,107.621247,38.355551,69.265695
326,40.903648,40.903648,0.000000
327,37.803776,37.803776,0.000000
328,40.559712,40.559712,0.000000
329,38.151232,38.151232,0.000000
330,106.204352,37.736576,68.467776
331,40.546944,40.546944,0.000000
332,40.126752,40.126752,0.000000
333,38.849856,38.849856,0.000000
334,38.128224,38.128224,0.000000
335,106.445599,37.973664,68.471936
336,38.825984,38.825984,0.000000
337,39.591968,39.591968,0.000000
338,38.108320,38.108320,0.000000
339,37.695872,37.695872,0.000000
340,105.856672,37.511520,68.345152
341,39.805856,39.805856,0.000000
342,38.256608,38.256608,0.000000
343,37.920992,37.920992,0.000000
344,38.070272,38.070272,0.000000
345,106.304033,37.917184,68.386848
346,38.404096,38.404096,0.000000
347,38.102208,38.102208,0.000000
348,37.828095,37.828095,0.000000
349,37.881088,37.881088,0.000000
350,106.620736,38.066720,68.554016
351,38.865920,38.865920,0.000000
352,38.184416,38.184416,0.000000
353,39.397792,39.397792,0.000000
354,37.917248,37.917248,0.000000
355,106.188864,37.753536,68.435328
356,39.042688,39.042688,0.000000
357,40.056480,40.056480,0.000000
358,41.210944,41.210944,0.000000
359,38.527264,38.527264,0.000000
360,109.680288,39.567584,70.112704
361,38.172256,38.172256,0.000000
362,37.924928,37.924928,0.000000
363,38.381856,38.381856,0.000000
364,39.827008,39.827008,0.000000
365,109.020384,39.053728,69.966656
366,38.275968,38.275968,0.000000
367,38.026624,38.026624,0.000000
368,41.021057,41.021057,0.000000
369,41.943551,41.943551,0.000000
370,106.297312,37.797600,68.499712
371,37.954816,37.954816,0.000000
372,38.274528,38.274528,0.000000
373,38.009888,38.009888,0.000000
374,37.977280,37.977280,0.000000
375,107.304000,38.043872,69.260128
376,38.247520,38.247520,0.000000
377,38.296032,38.296032,0.000000
378,37.742177,37.742177,0.000000
379,37.736704,37.736704,0.000000
380,107.399360,37.968064,69.431296
381,39.199360,39.199360,0.000000
382,40.068704,40.068704,0.000000
383,37.607392,37.607392,0.000000
384,37.940608,37.940608,0.000000
385,106.427360,37.607616,68.819744
386,38.594944,38.594944,0.000000
387,37.827168,37.827168,0.000000
388,39.205984,39.205984,0.000000
389,38.142240,38.142240,0.000000
390,108.335744,39.699584,68.636160
391,38.219264,38.219264,0.000000
392,38.416736,38.416736,0.000000
393,39.813888,39.813888,0.000000
394,38.672992,38.672992,0.000000
395,105.545280,37.139200,68.406080
396,37.804864,37.804864,0.000000
397,37.522464,37.522464,0.000000
398,37.385696,37.385696,0.000000
399,38.057632,38.057632,0.000000
400,110.227681,39.613664,70.614017
401,37.987552,37.987552,0.000000
402,37.749888,37.749888,0.000000
403,38.770816,38.770816,0.000000
404,37.910528,37.910528,0.000000
405,110.589824,39.384288,71.205536
406,38.624640,38.624640,0.000000
407,37.488704,37.488704,0.000000
408,37.522144,37.522144,0.000000
409,40.978944,40.978944,0.000000
410,107.476704,39.234624,68.242080
411,36.873440,36.873440,0.000000
412,37.453760,37.453760,0.000000
413,36.674368,36.674368,0.000000
414,37.546368,37.546368,0.000000
415,105.291681,36.966368,68.325313
416,37.519040,37.519040,0.000000
417,37.028481,37.028481,0.000000
418,37.379905,37.379905,0.000000
419,36.872000,36.872000,0.000000
420,105.236512,36.954176,68.282336
421,37.701856,37.701856,0.000000
422,36.941984,36.941984,0.000000
423,37.201248,37.201248,0.000000
424,37.251392,37.251392,0.000000
425,105.021312,36.715360,68.305952
426,37.294560,37.294560,0.000000
427,37.003616,37.003616,0.000000
428,39.572960,39.572960,0.000000
429,37.348416,37.348416,0.000000
430,105.308032,37.108672,68.199360
431,36.843584,36.843584,0.000000
432,38.046592,38.046592,0.000000
433,37.027008,37.027008,0.000000
434,36.715712,36.715712,0.000000
435,104.917760,36.781920,68.135840
436,37.035873,37.035873,0.000000
437,36.751904,36.751904,0.000000
438,36.728768,36.728768,0.000000
439,36.673280,36.673280,0.000000
440,107.643968,38.595616,69.048352
441,37.051136,37.051136,0.000000
442,37.318656,37.318656,0.000000
443,37.007392,37.007392,0.000000
444,36.943296,36.943296,0.000000
445,104.849760,36.673984,68.175776
446,37.428640,37.428640,0.000000
447,36.864800,36.864800,0.000000
448,37.370400,37.370400,0.000000
449,36.668832,36.668832,0.000000
450,105.168129,36.981825,68.186304
451,37.252768,37.252768,0.000000
452,36.641632,36.641632,0.000000
453,37.162336,37.162336,0.000000
454,36.799072,36.799072,0.000000
455,104.613920,36.718432,67.895488
456,37.389920,37.389920,0.000000
457,36.632320,36.632320,0.000000
458,36.747776,36.747776,0.000000
459,36.592640,36.592640,0.000000
460,104.669152,36.704640,67.964512
461,37.318880,37.318880,0.000000
462,36.646400,36.646400,0.000000
463,36.373536,36.373536,0.000000
464,36.694912,36.694912,0.000000
465,104.282081,36.313440,67.968641
466,37.252256,37.252256,0.000000
467,36.542847,36.542847,0.000000
468,36.506880,36.506880,0.000000
469,36.253312,36.253312,0.000000
470,104.319904,36.238656,68.081248
471,36.888288,36.888288,0.000000
472,36.637248,36.637248,0.000000
473,36.654144,36.654144,0.000000
474,36.430560,36.430560,0.000000
475,104.030111,36.007072,68.023039
476,36.852319,36.852319,0.000000
477,35.749760,35.749760,0.000000
478,35.941855,35.941855,0.000000
479,36.272000,36.272000,0.000000
480,104.458656,36.366624,68.092032
481,36.622144,36.622144,0.000000
482,37.141792,37.141792,0.000000
483,35.908481,35.908481,0.000000
484,37.140928,37.140928,0.000000
485,104.755584,36.328896,68.426688
486,36.229824,36.229824,0.000000
487,36.209536,36.209536,0.000000
488,37.253344,37.253344,0.000000
489,36.396800,36.396800,0.000000
490,103.671809,35.480992,68.190817
491,38.583136,38.583136,0.000000
492,35.950528,35.950528,0.000000
493,35.104032,35.104032,0.000000
494,35.277280,35.277280,0.000000
495,104.668608,35.369408,69.299201
496,36.172608,36.172608,0.000000
497,35.934528,35.934528,0.000000
498,35.906976,35.906976,0.000000
499,36.389312,36.389312,0.000000
500,107.584288,37.873663,69.710624
501,38.098848,38.098848,0.000000
502,35.355776,35.355776,0.000000
503,37.338272,37.338272,0.000000
504,38.665920,38.665920,0.000000
505,107.824800,37.941504,69.883296
506,38.042752,38.042752,0.000000
507,37.714272,37.714272,0.000000
508,36.888032,36.888032,0.000000
509,36.046976,36.046976,0.000000
510,107.219520,37.002176,70.217344
511,36.990176,36.990176,0.000000
512,36.123071,36.123071,0.000000
513,35.749728,35.749728,0.000000
514,36.864896,36.864896,0.000000
515,106.479424,36.562688,69.916736
516,36.561216,36.561216,0.000000
517,35.438496,35.438496,0.000000
518,34.834112,34.834112,0.000000
519,37.929215,37.929215,0.000000
520,102.903808,35.349984,67.553824
521,34.992704,34.992704,0.000000
522,35.216544,35.216544,0.000000
523,34.457184,34.457184,0.000000
524,35.042208,35.042208,0.000000
525,101.914239,34.269088,67.645152
526,34.921568,34.921568,0.000000
527,34.471584,34.471584,0.000000
528,34.524032,34.524032,0.000000
529,33.701920,33.701920,0.000000
530,103.236129,34.514784,68.721344
531,34.354592,34.354592,0.000000
532,37.610528,37.610528,0.000000
533,35.916480,35.916480,0.000000
534,35.080479,35.080479,0.000000
535,103.450368,33.707712,69.742656
536,37.215616,37.215616,0.000000
537,36.323680,36.323680,0.000000
538,37.073024,37.073024,0.000000
539,36.171584,36.171584,0.000000
540,104.159583,34.912832,69.246751
541,36.659328,36.659328,0.000000
542,36.584352,36.584352,0.000000
543,36.763617,36.763617,0.000000
544,33.591616,33.591616,0.000000
545,103.802016,33.612096,70.189920
546,38.702848,38.702848,0.000000
547,35.670560,35.670560,0.000000
548,37.202656,37.202656,0.000000
549,36.491359,36.491359,0.000000
550,108.268224,38.585184,69.683040
551,36.851008,36.851008,0.000000
552,35.011360,35.011360,0.000000
553,34.552224,34.552224,0.000000
554,35.007488,35.007488,0.000000
555,103.572128,34.553184,69.018944
556,35.490240,35.490240,0.000000
557,35.312576,35.312576,0.000000
558,34.210464,34.210464,0.000000
559,34.028992,34.028992,0.000000
560,104.104096,33.577440,70.526656
561,36.382176,36.382176,0.000000
562,36.158623,36.158623,0.000000
563,35.983968,35.983968,0.000000
564,34.113760,34.113760,0.000000
565,104.083264,34.626240,69.457024
566,34.144256,34.144256,0.000000
567,33.503072,33.503072,0.000000
568,36.160096,36.160096,0.000000
569,33.191552,33.191552,0.000000
570,103.474336,34.638368,68.835968
571,35.769600,35.769600,0.000000
572,35.794144,35.794144,0.000000
573,35.778016,35.778016,0.000000
574,33.534624,33.534624,0.000000
575,105.566497,38.001184,67.565312
576,38.370143,38.370143,0.000000
577,33.937856,33.937856,0.000000
578,34.652128,34.652128,0.000000
579,35.205983,35.205983,0.000000
580,104.677440,36.193888,68.483552
581,33.412416,33.412416,0.000000
582,33.358144,33.358144,0.000000
583,35.109920,35.109920,0.000000
584,34.636448,34.636448,0.000000
585,101.601664,34.415520,67.186144
586,34.506368,34.506368,0.000000
587,33.483776,33.483776,0.000000
588,33.552128,33.552128,0.000000
589,33.824416,33.824416,0.000000
590,100.741152,33.746752,66.994400
591,33.984640,33.984640,0.000000
592,33.861632,33.861632,0.000000
593,33.867168,33.867168,0.000000
594,34.663744,34.663744,0.000000
595,101.258112,33.921312,67.336800
596,34.882016,34.882016,0.000000
597,34.347424,34.347424,0.000000
598,33.709312,33.709312,0.000000
599,33.714016,33.714016,0.000000
600,101.484543,34.192704,67.291839
601,34.592864,34.592864,0.000000
602,34.465888,34.465888,0.000000
603,33.956384,33.956384,0.000000
604,34.321408,34.321408,0.000000
605,102.311456,35.202048,67.109408
606,35.400544,35.400544,0.000000
607,35.033888,35.033888,0.000000
608,34.725248,34.725248,0.000000
609,35.586560,35.586560,0.000000
610,102.201249,34.938336,67.262913
611,35.505664,35.505664,0.000000
612,34.905184,34.905184,0.000000
613,35.199167,35.199167,0.000000
614,35.116192,35.116192,0.000000
615,102.610496,35.318720,67.291777
616,36.102880,36.102880,0.000000
617,35.310528,35.310528,0.000000
618,35.415680,35.415680,0.000000
619,35.119680,35.119680,0.000000
620,102.947329,35.676128,67.271201
621,35.874592,35.874592,0.000000
622,38.084224,38.084224,0.000000
623,36.204032,36.204032,0.000000
624,38.260512,38.260512,0.000000
625,103.820096,36.474624,67.345472
626,36.191616,36.191616,0.000000
627,35.185408,35.185408,0.000000
628,35.430111,35.430111,0.000000
629,35.050368,35.050368,0.000000
630,102.382912,35.203265,67.179647
631,35.731936,35.731936,0.000000
632,35.229920,35.229920,0.000000
633,35.262464,35.262464,0.000000
634,35.409088,35.409088,0.000000
635,102.419392,35.123232,67.296160
636,35.941120,35.941120,0.000000
637,35.460864,35.460864,0.000000
638,35.134240,35.134240,0.000000
639,35.328096,35.328096,0.000000
640,102.912479,35.549504,67.362976
641,35.858816,35.858816,0.000000
642,35.637345,35.637345,0.000000
643,35.215424,35.215424,0.000000
644,35.532448,35.532448,0.000000
645,102.989663,35.799040,67.190624
646,36.410144,36.410144,0.000000
647,35.635680,35.635680,0.000000
648,35.848640,35.848640,0.000000
649,36.038176,36.038176,0.000000
650,103.368928,36.061248,67.307680
651,36.066336,36.066336,0.000000
652,36.018080,36.018080,0.000000
653,35.940320,35.940320,0.000000
654,36.075104,36.075104,0.000000
655,104.031264,36.710048,67.321216
656,37.278272,37.278272,0.000000
657,36.819008,36.819008,0.000000
658,36.774912,36.774912,0.000000
659,37.001568,37.001568,0.000000
660,104.828736,37.399296,67.429440
661,37.285792,37.285792,0.000000
662,37.570944,37.570944,0.000000
663,37.649120,37.649120,0.000000
664,37.644288,37.644288,0.000000
665,104.826400,37.630048,67.196352
666,38.659168,38.659168,0.000000
667,38.086272,38.086272,0.000000
668,37.778144,37.778144,0.000000
669,38.257312,38.257312,0.000000
670,108.856064,39.927359,68.928705
671,38.992672,38.992672,0.000000
672,38.759456,38.759456,0.000000
673,38.444544,38.444544,0.000000
674,38.979360,38.979360,0.000000
675,106.426144,38.353728,68.072416
676,40.840448,40.840448,0.000000
677,40.332000,40.332000,0.000000
678,40.344992,40.344992,0.000000
679,38.696992,38.696992,0.000000
680,106.230336,38.878848,67.351488
681,38.800544,38.800544,0.000000
682,39.384288,39.384288,0.000000
683,40.083232,40.083232,0.000000
684,38.846913,38.846913,0.000000
685,106.401087,38.960128,67.440959
686,38.877664,38.877664,0.000000
687,38.820704,38.820704,0.000000
688,38.488065,38.488065,0.000000
689,38.685664,38.685664,0.000000
690,107.195040,39.062592,68.132448
691,38.668000,38.668000,0.000000
692,38.806432,38.806432,0.000000
693,38.541504,38.541504,0.000000
694,38.795232,38.795232,0.000000
695,105.661441,38.673408,66.988032
696,39.268320,39.268320,0.000000
697,38.999040,38.999040,0.000000
698,38.944192,38.944192,0.000000
699,39.011904,39.011904,0.000000
700,106.055327,39.075936,66.979392
701,38.850016,38.850016,0.000000
702,38.861376,38.861376,0.000000
703,38.706816,38.706816,0.000000
704,38.885216,38.885216,0.000000
705,106.111264,38.952032,67.159232
706,39.327424,39.327424,0.000000
707,40.060928,40.060928,0.000000
708,39.846336,39.846336,0.000000
709,38.804608,38.804608,0.000000
710,105.940096,38.785056,67.155040
711,38.741952,38.741952,0.000000
712,39.067616,39.067616,0.000000
713,38.869728,38.869728,0.000000
714,39.258592,39.258592,0.000000
715,106.027168,38.951136,67.076032
716,39.386336,39.386336,0.000000
717,38.544000,38.544000,0.000000
718,39.114752,39.114752,0.000000
719,38.739167,38.739167,0.000000
720,106.061087,39.097952,66.963135
721,38.931200,38.931200,0.000000
722,39.076544,39.076544,0.000000
723,38.603584,38.603584,0.000000
724,40.748512,40.748512,0.000000
725,105.694592,38.635680,67.058912
726,38.852864,38.852864,0.000000
727,38.857024,38.857024,0.000000
728,39.143584,39.143584,0.000000
729,38.667648,38.667648,0.000000
730,105.884576,38.975904,66.908672
731,38.549216,38.549216,0.000000
732,38.630880,38.630880,0.000000
733,38.259712,38.259712,0.000000
734,38.468608,38.468608,0.000000
735,104.959168,38.002336,66.956832
736,38.529503,38.529503,0.000000
737,37.864448,37.864448,0.000000
738,38.445217,38.445217,0.000000
739,37.988352,37.988352,0.000000
740,106.406175,38.309856,68.096319
741,38.126912,38.126912,0.000000
742,38.569312,38.569312,0.000000
743,37.960064,37.960064,0.000000
744,37.635424,37.635424,0.000000
745,105.012033,38.028800,66.983232
746,38.063648,38.063648,0.000000
747,37.001856,37.001856,0.000000
748,37.988576,37.988576,0.000000
749,36.979584,36.979584,0.000000
750,105.088672,38.157312,66.931360
751,37.683808,37.683808,0.000000
752,38.223328,38.223328,0.000000
753,37.145856,37.145856,0.000000
754,37.305280,37.305280,0.000000
755,103.044641,36.187200,66.857440
756,37.548704,37.548704,0.000000
757,36.483200,36.483200,0.000000
758,36.118368,36.118368,0.000000
759,36.443616,36.443616,0.000000
760,105.415969,35.881248,69.534721
761,36.564096,36.564096,0.000000
762,38.668608,38.668608,0.000000
763,36.003968,36.003968,0.000000
764,35.549600,35.549600,0.000000
765,104.512640,35.466336,69.046304
766,36.553313,36.553313,0.000000
767,35.455104,35.455104,0.000000
768,34.416032,34.416032,0.000000
769,35.239008,35.239008,0.000000
770,105.759648,36.412832,69.346816
771,35.384896,35.384896,0.000000
772,35.549568,35.549568,0.000000
773,34.725920,34.725920,0.000000
774,35.938400,35.938400,0.000000
775,105.204513,36.525888,68.678625
776,36.516576,36.516576,0.000000
777,34.950816,34.950816,0.000000
778,35.665184,35.665184,0.000000
779,34.087456,34.087456,0.000000
780,101.136288,33.403424,67.732864
781,34.681216,34.681216,0.000000
782,33.700480,33.700480,0.000000
783,33.653216,33.653216,0.000000
784,33.382560,33.382560,0.000000
785,99.869504,33.439616,66.429888
786,34.187520,34.187520,0.000000
787,33.431936,33.431936,0.000000
788,33.647488,33.647488,0.000000
789,33.606240,33.606240,0.000000
790,101.604736,34.926752,66.677984
791,34.518016,34.518016,0.000000
792,33.899712,33.899712,0.000000
793,33.661344,33.661344,0.000000
794,34.206560,34.206560,0.000000
795,100.423168,33.882656,66.540512
796,38.076928,38.076928,0.000000
797,36.747776,36.747776,0.000000
798,35.250464,35.250464,0.000000
799,34.498592,34.498592,0.000000
800,101.152640,34.672640,66.480000
801,34.895104,34.895104,0.000000
802,35.095456,35.095456,0.000000
803,36.231456,36.231456,0.000000
804,36.092960,36.092960,0.000000
805,103.906304,36.883168,67.023136
806,35.548320,35.548320,0.000000
807,35.046656,35.046656,0.000000
808,37.882080,37.882080,0.000000
809,37.234464,37.234464,0.000000
810,105.254752,37.455680,67.799072
811,36.287520,36.287520,0.000000
812,35.637440,35.637440,0.000000
813,35.794592,35.794592,0.000000
814,35.452288,35.452288,0.000000
815,101.626688,35.287488,66.339200
816,36.021568,36.021568,0.000000
817,35.772384,35.772384,0.000000
818,35.297600,35.297600,0.000000
819,35.958912,35.958912,0.000000
820,101.768896,35.354496,66.414401
821,36.029824,36.029824,0.000000
822,35.661280,35.661280,0.000000
823,35.820544,35.820544,0.000000
824,35.711360,35.711360,0.000000
825,101.612609,35.441664,66.170944
826,36.135680,36.135680,0.000000
827,35.407456,35.407456,0.000000
828,35.922944,35.922944,0.000000
829,35.200384,35.200384,0.000000
830,102.151072,35.800064,66.351008
831,36.747360,36.747360,0.000000
832,35.722336,35.722336,0.000000
833,35.331361,35.331361,0.000000
834,35.328384,35.328384,0.000000
835,101.362112,35.061152,66.300960
836,35.656863,35.656863,0.000000
837,34.683712,34.683712,0.000000
838,34.856064,34.856064,0.000000
839,34.661152,34.661152,0.000000
840,100.498271,34.424832,66.073440
841,35.378560,35.378560,0.000000
842,35.296096,35.296096,0.000000
843,34.157568,34.157568,0.000000
844,34.727904,34.727904,0.000000
845,100.279552,34.250912,66.028640
846,36.836192,36.836192,0.000000
847,33.547328,33.547328,0.000000
848,34.653504,34.653504,0.000000
849,36.773344,36.773344,0.000000
850,102.729568,35.216480,67.513088
851,34.848416,34.848416,0.000000
852,33.922817,33.922817,0.000000
853,33.477984,33.477984,0.000000
854,33.642656,33.642656,0.000000
855,100.058784,33.752320,66.306464
856,38.488608,38.488608,0.000000
857,36.936512,36.936512,0.000000
858,33.440192,33.440192,0.000000
859,34.687456,34.687456,0.000000
860,103.887328,36.509856,67.377472
861,34.103328,34.103328,0.000000
862,33.628097,33.628097,0.000000
863,33.699296,33.699296,0.000000
864,34.921472,34.921472,0.000000
865,99.972577,33.661152,66.311424
866,34.964096,34.964096,0.000000
867,36.621792,36.621792,0.000000
868,34.078976,34.078976,0.000000
869,33.508416,33.508416,0.000000
870,103.584256,34.897152,68.687104
871,36.485952,36.485952,0.000000
872,35.302368,35.302368,0.000000
873,33.318176,33.318176,0.000000
874,35.514080,35.514080,0.000000
875,103.004960,33.662400,69.342560
876,34.754016,34.754016,0.000000
877,33.708799,33.708799,0.000000
878,37.235552,37.235552,0.000000
879,34.388448,34.388448,0.000000
880,102.653696,34.845120,67.808576
881,35.826496,35.826496,0.000000
882,35.154528,35.154528,0.000000
883,34.194112,34.194112,0.000000
884,33.221536,33.221536,0.000000
885,100.408512,33.339392,67.069120
886,36.459936,36.459936,0.000000
887,33.725888,33.725888,0.000000
888,35.916000,35.916000,0.000000
889,34.052800,34.052800,0.000000
890,101.811871,34.453248,67.358624
891,33.841600,33.841600,0.000000
892,33.975137,33.975137,0.000000
893,33.690656,33.690656,0.000000
894,33.917632,33.917632,0.000000
895,99.638400,33.349312,66.289088
896,36.588480,36.588480,0.000000
897,33.984225,33.984225,0.000000
898,34.107424,34.107424,0.000000
899,33.465984,33.465984,0.000000
900,99.981537,33.843936,66.137601
901,34.841728,34.841728,0.000000
902,35.487040,35.487040,0.000000
903,34.626591,34.626591,0.000000
904,35.993856,35.993856,0.000000
905,102.021889,35.823872,66.198017
906,35.189312,35.189312,0.000000
907,34.496928,34.496928,0.000000
908,34.702240,34.702240,0.000000
909,34.068480,34.068480,0.000000
910,100.573664,34.471520,66.102144
911,35.236256,35.236256,0.000000
912,34.855840,34.855840,0.000000
913,35.091872,35.091872,0.000000
914,36.193120,36.193120,0.000000
915,104.698848,36.758624,67.940224
916,35.215296,35.215296,0.000000
917,34.825056,34.825056,0.000000
918,33.923200,33.923200,0.000000
919,34.947104,34.947104,0.000000
920,101.252256,35.045504,66.206752
921,35.579840,35.579840,0.000000
922,34.959168,34.959168,0.000000
923,36.575072,36.575072,0.000000
924,35.164544,35.164544,0.000000
925,101.241087,35.184224,66.056864
926,35.662944,35.662944,0.000000
927,35.261952,35.261952,0.000000
928,35.080544,35.080544,0.000000
929,34.940032,34.940032,0.000000
930,101.749025,35.554208,66.194817
931,36.010656,36.010656,0.000000
932,35.291744,35.291744,0.000000
933,35.207200,35.207200,0.000000
934,35.892672,35.892672,0.000000
935,104.508192,36.363872,68.144320
936,36.238464,36.238464,0.000000
937,35.583584,35.583584,0.000000
938,35.228192,35.228192,0.000000
939,35.338912,35.338912,0.000000
940,102.054400,36.003008,66.051392
941,36.239808,36.239808,0.000000
942,35.726816,35.726816,0.000000
943,35.657504,35.657504,0.000000
944,35.858176,35.858176,0.000000
945,101.234015,35.011488,66.222528
946,36.374176,36.374176,0.000000
947,36.035840,36.035840,0.000000
948,35.485024,35.485024,0.000000
949,35.642720,35.642720,0.000000
950,101.677760,35.681184,65.996576
951,38.059168,38.059168,0.000000
952,35.832064,35.832064,0.000000
953,35.658368,35.658368,0.000000
954,35.735552,35.735552,0.000000
955,101.836064,35.864832,65.971231
956,36.437184,36.437184,0.000000
957,35.925823,35.925823,0.000000
958,35.481312,35.481312,0.000000
959,35.894688,35.894688,0.000000
960,101.614144,35.728640,65.885504
961,37.190976,37.190976,0.000000
962,35.906560,35.906560,0.000000
963,37.217888,37.217888,0.000000
964,39.014624,39.014624,0.000000
965,102.607361,36.642272,65.965089
966,36.911808,36.911808,0.000000
967,36.402752,36.402752,0.000000
968,36.298464,36.298464,0.000000
969,36.042656,36.042656,0.000000
970,102.095552,36.229472,65.866080
971,36.627200,36.627200,0.000000
972,36.289536,36.289536,0.000000
973,36.227072,36.227072,0.000000
974,36.223712,36.223712,0.000000
975,103.267776,35.808352,67.459424
976,38.263488,38.263488,0.000000
977,35.909984,35.909984,0.000000
978,36.008480,36.008480,0.000000
979,36.050912,36.050912,0.000000
980,102.262815,36.169024,66.093791
981,40.024415,40.024415,0.000000
982,35.848576,35.848576,0.000000
983,36.787520,36.787520,0.000000
984,36.748544,36.748544,0.000000
985,101.618753,35.876704,65.742048
986,36.073793,36.073793,0.000000
987,36.175968,36.175968,0.000000
988,36.572513,36.572513,0.000000
989,38.015040,38.015040,0.000000
990,103.536767,37.722464,65.814303
991,36.341152,36.341152,0.000000
992,36.474240,36.474240,0.000000
993,36.232192,36.232192,0.000000
994,36.567040,36.567040,0.000000
995,101.678207,35.910400,65.767807
996,37.444192,37.444192,0.000000
997,37.766560,37.766560,0.000000
998,40.125312,40.125312,0.000000
999,37.254784,37.254784,0.000000
1000,104.122752,38.374816,65.747936
1001,40.238656,40.238656,0.000000
1002,37.231520,37.231520,0.000000
1003,36.150656,36.150656,0.000000
1004,36.115584,36.115584,0.000000
1005,101.790560,36.078080,65.712480
1006,36.703072,36.703072,0.000000
1007,36.340576,36.340576,0.000000
1008,35.949280,35.949280,0.000000
1009,36.008128,36.008128,0.000000
1010,101.467903,35.669440,65.798464
1011,35.877024,35.877024,0.000000
1012,36.480064,36.480064,0.000000
1013,37.464448,37.464448,0.000000
1014,36.203328,36.203328,0.000000
1015,101.676832,35.974880,65.701952
1016,40.492000,40.492000,0.000000
1017,36.330944,36.330944,0.000000
1018,35.588160,35.588160,0.000000
1019,36.603488,36.603488,0.000000
1020,105.155648,36.026815,69.128832
1021,36.515232,36.515232,0.000000
1022,38.700704,38.700704,0.000000
1023,38.168448,38.168448,0.000000
1024,35.768192,35.768192,0.000000
1025,103.429248,37.898048,65.531200
1026,36.291520,36.291520,0.000000
1027,36.554624,36.554624,0.000000
1028,36.694720,36.694720,0.000000
1029,35.366720,35.366720,0.000000
1030,105.114656,37.170048,67.944608
1031,38.344448,38.344448,0.000000
1032,35.459360,35.459360,0.000000
1033,37.346304,37.346304,0.000000
1034,36.188416,36.188416,0.000000
1035,100.979263,35.294687,65.684576
1036,35.899712,35.899712,0.000000
1037,35.379904,35.379904,0.000000
1038,36.747424,36.747424,0.000000
1039,35.307872,35.307872,0.000000
1040,101.073664,35.296672,65.776992
1041,38.254368,38.254368,0.000000
1042,36.173248,36.173248,0.000000
1043,35.677600,35.677600,0.000000
1044,35.832448,35.832448,0.000000
1045,101.473824,35.574400,65.899424
1046,37.801152,37.801152,0.000000
1047,38.157184,38.157184,0.000000
1048,36.339072,36.339072,0.000000
1049,36.139808,36.139808,0.000000
1050,102.008000,35.765344,66.242656
1051,37.321568,37.321568,0.000000
1052,36.090112,36.090112,0.000000
1053,36.759200,36.759200,0.000000
1054,35.465696,35.465696,0.000000
1055,101.676384,35.588736,66.087648
1056,36.045440,36.045440,0.000000
1057,35.287840,35.287840,0.000000
1058,36.941664,36.941664,0.000000
1059,35.090432,35.090432,0.000000
1060,104.923072,35.797120,69.125952
1061,37.248641,37.248641,0.000000
1062,40.189312,40.189312,0.000000
1063,35.731264,35.731264,0.000000
1064,36.048800,36.048800,0.000000
1065,101.916224,35.775936,66.140288
1066,38.188416,38.188416,0.000000
1067,35.805216,35.805216,0.000000
1068,35.570592,35.570592,0.000000
1069,35.620928,35.620928,0.000000
1070,101.648672,35.648160,66.000512
1071,36.369856,36.369856,0.000000
1072,38.986752,38.986752,0.000000
1073,38.036800,38.036800,0.000000
1074,36.531872,36.531872,0.000000
1075,101.830528,36.065024,65.765503
1076,38.689600,38.689600,0.000000
1077,36.999328,36.999328,0.000000
1078,37.761472,37.761472,0.000000
1079,36.677792,36.677792,0.000000
1080,105.944257,37.211360,68.732896
1081,39.516640,39.516640,0.000000
1082,37.671936,37.671936,0.000000
1083,36.228000,36.228000,0.000000
1084,36.349312,36.349312,0.000000
1085,102.389856,36.588512,65.801344
1086,36.531616,36.531616,0.000000
1087,36.740095,36.740095,0.000000
1088,36.284384,36.284384,0.000000
1089,36.442016,36.442016,0.000000
1090,102.738560,36.819136,65.919424
1091,36.583328,36.583328,0.000000
1092,36.830879,36.830879,0.000000
1093,36.167552,36.167552,0.000000
1094,37.513536,37.513536,0.000000
1095,105.167937,36.438752,68.729185
1096,37.720736,37.720736,0.000000
1097,38.762977,38.762977,0.000000
1098,37.428992,37.428992,0.000000
1099,37.578048,37.578048,0.000000
1100,104.016705,37.709632,66.307073
1101,37.822144,37.822144,0.000000
1102,36.348352,36.348352,0.000000
1103,36.481792,36.481792,0.000000
1104,36.772864,36.772864,0.000000
1105,102.760608,36.654208,66.106400
1106,37.359648,37.359648,0.000000
1107,36.655104,36.655104,0.000000
1108,37.040512,37.040512,0.000000
1109,36.765056,36.765056,0.000000
1110,103.375872,36.825920,66.549952
1111,37.059456,37.059456,0.000000
1112,36.712000,36.712000,0.000000
1113,35.929216,35.929216,0.000000
1114,37.280352,37.280352,0.000000
1115,103.302304,37.107328,66.194976
1116,37.145888,37.145888,0.000000
1117,36.537984,36.537984,0.000000
1118,36.819584,36.819584,0.000000
1119,36.447584,36.447584,0.000000
1120,102.949024,36.634624,66.314401
1121,39.126656,39.126656,0.000000
1122,37.089472,37.089472,0.000000
1123,36.307456,36.307456,0.000000
1124,36.791264,36.791264,0.000000
1125,103.221535,36.711520,66.510015
1126,37.107680,37.107680,0.000000
1127,36.534848,36.534848,0.000000
1128,38.270912,38.270912,0.000000
1129,36.842240,36.842240,0.000000
1130,102.913536,36.584832,66.328704
1131,36.942304,36.942304,0.000000
1132,37.135360,37.135360,0.000000
1133,36.418272,36.418272,0.000000
1134,38.874720,38.874720,0.000000
1135,106.042912,38.170176,67.872736
1136,36.877056,36.877056,0.000000
1137,36.158944,36.158944,0.000000
1138,38.062144,38.062144,0.000000
1139,37.448960,37.448960,0.000000
1140,105.828000,38.481248,67.346752
1141,36.352256,36.352256,0.000000
1142,36.569952,36.569952,0.000000
1143,37.983808,37.983808,0.000000
1144,39.139040,39.139040,0.000000
1145,106.550208,37.234816,69.315392
1146,36.929984,36.929984,0.000000
1147,36.940256,36.940256,0.000000
1148,38.507872,38.507872,0.000000
1149,37.722592,37.722592,0.000000
1150,109.247265,39.032832,70.214433
1151,38.230464,38.230464,0.000000
1152,38.592064,38.592064,0.000000
1153,36.943297,36.943297,0.000000
1154,37.019295,37.019295,0.000000
1155,109.386687,38.304576,71.082111
1156,38.688352,38.688352,0.000000
1157,37.389472,37.389472,0.000000
1158,38.169696,38.169696,0.000000
1159,36.572576,36.572576,0.000000
1160,109.076032,38.804128,70.271904
1161,37.979264,37.979264,0.000000
1162,39.551808,39.551808,0.000000
1163,37.147360,37.147360,0.000000
1164,36.186560,36.186560,0.000000
1165,108.305920,37.588960,70.716960
1166,38.538016,38.538016,0.000000
1167,37.061760,37.061760,0.000000
1168,36.806560,36.806560,0.000000
1169,38.176160,38.176160,0.000000
1170,107.136576,36.236032,70.900544
1171,38.510592,38.510592,0.000000
1172,38.728384,38.728384,0.000000
1173,38.586560,38.586560,0.000000
1174,36.996928,36.996928,0.000000
1175,107.969023,37.478656,70.490368
1176,38.457439,38.457439,0.000000
1177,38.170240,38.170240,0.000000
1178,38.760065,38.760065,0.000000
1179,39.232224,39.232224,0.000000
1180,109.288224,37.604096,71.684128
1181,36.862912,36.862912,0.000000
1182,38.639168,38.639168,0.000000
1183,38.128160,38.128160,0.000000
1184,37.675264,37.675264,0.000000
1185,106.204960,37.887649,68.317312
1186,36.766944,36.766944,0.000000
1187,36.743904,36.743904,0.000000
1188,36.536032,36.536032,0.000000
1189,36.539904,36.539904,0.000000
1190,104.803936,36.838784,67.965152
1191,37.956416,37.956416,0.000000
1192,38.616224,38.616224,0.000000
1193,36.875200,36.875200,0.000000
1194,36.502816,36.502816,0.000000
1195,106.313984,36.512448,69.801536
1196,36.935680,36.935680,0.000000
1197,36.752224,36.752224,0.000000
1198,37.254912,37.254912,0.000000
1199,36.763008,36.763008,0.000000
1200,105.189984,37.069088,68.120896
1201,37.174752,37.174752,0.000000
1202,37.440544,37.440544,0.000000
1203,36.543808,36.543808,0.000000
1204,37.140704,37.140704,0.000000
1205,105.285697,37.324960,67.960737
1206,37.544448,37.544448,0.000000
1207,36.898752,36.898752,0.000000
1208,37.653056,37.653056,0.000000
1209,37.347456,37.347456,0.000000
1210,105.996289,37.532352,68.463937
1211,37.514048,37.514048,0.000000
1212,37.591040,37.591040,0.000000
1213,37.189024,37.189024,0.000000
1214,37.130240,37.130240,0.000000
1215,105.299616,37.243392,68.056224
1216,38.553856,38.553856,0.000000
1217,37.684384,37.684384,0.000000
1218,37.156864,37.156864,0.000000
1219,37.145568,37.145568,0.000000
1220,106.010976,37.894048,68.116929
1221,37.732320,37.732320,0.000000
1222,38.342272,38.342272,0.000000
1223,37.374976,37.374976,0.000000
1224,38.097984,38.097984,0.000000
1225,106.501057,38.636928,67.864129
1226,37.997696,37.997696,0.000000
1227,37.699712,37.699712,0.000000
1228,38.075776,38.075776,0.000000
1229,37.551713,37.551713,0.000000
1230,106.120864,38.204480,67.916384
1231,38.055328,38.055328,0.000000
1232,37.715712,37.715712,0.000000
1233,37.789856,37.789856,0.000000
1234,38.121472,38.121472,0.000000
1235,105.115424,37.247104,67.868320
1236,38.280256,38.280256,0.000000
1237,37.581184,37.581184,0.000000
1238,37.995167,37.995167,0.000000
1239,37.769984,37.769984,0.000000
1240,105.571199,37.928607,67.642591
1241,39.247295,39.247295,0.000000
1242,38.177568,38.177568,0.000000
1243,37.487776,37.487776,0.000000
1244,37.166593,37.166593,0.000000
1245,105.391296,37.849248,67.542048
1246,38.341792,38.341792,0.000000
1247,37.938976,37.938976,0.000000
1248,37.895168,37.895168,0.000000
1249,37.891744,37.891744,0.000000
1250,105.582080,38.056960,67.525120
1251,37.377408,37.377408,0.000000
1252,38.166144,38.166144,0.000000
1253,37.416960,37.416960,0.000000
1254,37.901920,37.901920,0.000000
1255,107.506016,37.871552,69.634464
1256,37.992672,37.992672,0.000000
1257,37.531744,37.531744,0.000000
1258,38.008832,38.008832,0.000000
1259,37.750400,37.750400,0.000000
1260,105.223615,37.875200,67.348415
1261,37.929856,37.929856,0.000000
1262,38.374528,38.374528,0.000000
1263,37.412736,37.412736,0.000000
1264,37.989216,37.989216,0.000000
1265,105.122816,37.782240,67.340576
1266,38.353440,38.353440,0.000000
1267,37.659711,37.659711,0.000000
1268,37.993792,37.993792,0.000000
1269,37.792320,37.792320,0.000000
1270,105.086976,37.983712,67.103264
1271,37.903552,37.903552,0.000000
1272,38.059488,38.059488,0.000000
1273,37.765856,37.765856,0.000000
1274,38.042304,38.042304,0.000000
1275,105.143903,37.721376,67.422527
1276,39.785120,39.785120,0.000000
1277,38.560288,38.560288,0.000000
1278,38.625664,38.625664,0.000000
1279,37.663328,37.663328,0.000000
1280,104.058304,37.265120,66.793184
1281,37.523200,37.523200,0.000000
1282,38.296544,38.296544,0.000000
1283,37.690272,37.690272,0.000000
1284,37.877248,37.877248,0.000000
1285,104.132832,37.235200,66.897632
1286,38.207552,38.207552,0.000000
1287,37.882624,37.882624,0.000000
1288,37.655201,37.655201,0.000000
1289,37.261216,37.261216,0.000000
1290,104.018656,37.253280,66.765376
1291,38.448864,38.448864,0.000000
1292,37.672000,37.672000,0.000000
1293,38.047136,38.047136,0.000000
1294,37.305408,37.305408,0.000000
1295,106.551872,37.509696,69.042176
1296,38.551809,38.551809,0.000000
1297,36.992032,36.992032,0.000000
1298,37.526944,37.526944,0.000000
1299,36.966208,36.966208,0.000000
1300,103.985344,37.437632,66.547712
1301,37.456704,37.456704,0.000000
1302,37.125280,37.125280,0.000000
1303,36.709952,36.709952,0.000000
1304,36.998784,36.998784,0.000000
1305,103.233825,36.933568,66.300256
1306,37.437056,37.437056,0.000000
1307,38.243552,38.243552,0.000000
1308,39.213120,39.213120,0.000000
1309,39.083264,39.083264,0.000000
1310,104.401729,38.399808,66.001921
1311,39.451328,39.451328,0.000000
1312,37.472512,37.472512,0.000000
1313,36.462720,36.462720,0.000000
1314,36.557440,36.557440,0.000000
1315,104.463552,37.978336,66.485216
1316,37.699328,37.699328,0.000000
1317,38.944352,38.944352,0.000000
1318,38.653856,38.653856,0.000000
1319,36.252288,36.252288,0.000000
1320,104.862816,36.773793,68.089024
1321,40.065216,40.065216,0.000000
1322,38.981056,38.981056,0.000000
1323,36.061376,36.061376,0.000000
1324,36.906432,36.906432,0.000000
1325,104.244640,36.981376,67.263264
1326,37.004768,37.004768,0.000000
1327,40.932896,40.932896,0.000000
1328,39.574912,39.574912,0.000000
1329,37.113504,37.113504,0.000000
1330,106.655040,38.057664,68.597376
1331,36.995360,36.995360,0.000000
1332,37.218016,37.218016,0.000000
1333,38.941920,38.941920,0.000000
1334,38.311072,38.311072,0.000000
1335,104.879232,36.303008,68.576224
1336,38.283840,38.283840,0.000000
1337,37.646432,37.646432,0.000000
1338,37.642753,37.642753,0.000000
1339,36.441312,36.441312,0.000000
1340,105.734431,36.666208,69.068223
1341,38.093312,38.093312,0.000000
1342,35.941376,35.941376,0.000000
1343,38.471904,38.471904,0.000000
1344,39.042912,39.042912,0.000000
1345,104.612991,36.026240,68.586751
1346,36.907616,36.907616,0.000000
1347,37.498368,37.498368,0.000000
1348,37.523104,37.523104,0.000000
1349,37.167456,37.167456,0.000000
1350,106.248480,38.285696,67.962784
1351,39.376320,39.376320,0.000000
1352,38.939616,38.939616,0.000000
1353,42.434656,42.434656,0.000000
1354,39.227425,39.227425,0.000000
1355,107.140192,38.901152,68.239039
1356,38.084448,38.084448,0.000000
1357,40.021696,40.021696,0.000000
1358,39.318496,39.318496,0.000000
1359,38.090752,38.090752,0.000000
1360,105.946624,36.978880,68.967744
1361,38.181408,38.181408,0.000000
1362,39.661184,39.661184,0.000000
1363,38.526752,38.526752,0.000000
1364,36.289664,36.289664,0.000000
1365,105.922656,37.207808,68.714848
1366,38.146337,38.146337,0.000000
1367,38.004064,38.004064,0.000000
1368,38.421504,38.421504,0.000000
1369,37.860320,37.860320,0.000000
1370,105.763776,37.354432,68.409344
1371,40.144832,40.144832,0.000000
1372,38.814080,38.814080,0.000000
1373,39.663712,39.663712,0.000000
1374,36.974240,36.974240,0.000000
1375,103.147551,37.281184,65.866367
1376,37.284864,37.284864,0.000000
1377,37.084064,37.084064,0.000000
1378,36.761792,36.761792,0.000000
1379,36.984224,36.984224,0.000000
1380,103.149440,37.048960,66.100480
1381,37.581248,37.581248,0.000000
1382,39.828096,39.828096,0.000000
1383,39.171808,39.171808,0.000000
1384,38.623616,38.623616,0.000000
1385,106.666047,39.734528,66.931520
1386,37.360928,37.360928,0.000000
1387,37.060544,37.060544,0.000000
1388,41.067552,41.067552,0.000000
1389,37.479872,37.479872,0.000000
1390,105.143584,37.505312,67.638272
1391,37.602400,37.602400,0.000000
1392,37.765568,37.765568,0.000000
1393,37.324832,37.324832,0.000000
1394,37.759360,37.759360,0.000000
1395,103.692065,37.525056,66.167008
1396,39.855424,39.855424,0.000000
1397,37.250400,37.250400,0.000000
1398,37.831008,37.831008,0.000000
1399,37.726016,37.726016,0.000000
1400,103.816064,37.748736,66.067328
1401,39.301664,39.301664,0.000000
1402,38.094848,38.094848,0.000000
1403,37.705888,37.705888,0.000000
1404,37.968288,37.968288,0.000000
1405,106.068128,38.809280,67.258848
1406,38.380640,38.380640,0.000000
1407,37.976064,37.976064,0.000000
1408,38.022432,38.022432,0.000000
1409,37.525376,37.525376,0.000000
1410,104.831455,38.595456,66.235999
1411,38.048769,38.048769,0.000000
1412,38.104352,38.104352,0.000000
1413,37.936128,37.936128,0.000000
1414,38.535456,38.535456,0.000000
1415,104.870144,38.233184,66.636960
1416,40.318304,40.318304,0.000000
1417,38.419424,38.419424,0.000000
1418,38.755136,38.755136,0.000000
1419,38.121217,38.121217,0.000000
1420,104.250880,38.365344,65.885536
1421,37.934272,37.934272,0.000000
1422,38.110784,38.110784,0.000000
1423,38.263776,38.263776,0.000000
1424,38.647648,38.647648,0.000000
1425,105.104224,38.517920,66.586304
1426,40.577440,40.577440,0.000000
1427,38.441633,38.441633,0.000000
1428,38.622752,38.622752,0.000000
1429,38.224480,38.224480,0.000000
1430,104.986785,38.638304,66.348481
1431,39.498336,39.498336,0.000000
1432,38.468640,38.468640,0.000000
1433,38.151168,38.151168,0.000000
1434,38.962912,38.962912,0.000000
1435,104.806304,38.275232,66.531072
1436,38.759712,38.759712,0.000000
1437,38.396416,38.396416,0.000000
1438,39.587840,39.587840,0.000000
1439,38.480832,38.480832,0.000000
1440,107.073760,40.477472,66.596288
1441,38.566400,38.566400,0.000000
1442,38.754912,38.754912,0.000000
1443,38.784576,38.784576,0.000000
1444,38.638464,38.638464,0.000000
1445,104.893729,38.358944,66.534784
1446,38.616736,38.616736,0.000000
1447,38.676704,38.676704,0.000000
1448,38.640512,38.640512,0.000000
1449,38.569952,38.569952,0.000000
1450,105.349855,39.000351,66.349504
1451,40.768800,40.768800,0.000000
1452,38.698688,38.698688,0.000000
1453,38.866016,38.866016,0.000000
1454,39.057952,39.057952,0.000000
1455,104.762944,38.524192,66.238752
1456,38.854784,38.854784,0.000000
1457,38.477248,38.477248,0.000000
1458,38.101216,38.101216,0.000000
1459,38.699968,38.699968,0.000000
1460,105.344095,38.763936,66.580160
1461,38.766592,38.766592,0.000000
1462,38.780960,38.780960,0.000000
1463,38.539552,38.539552,0.000000
1464,39.506944,39.506944,0.000000
1465,107.522784,39.971296,67.551488
1466,40.710144,40.710144,0.000000
1467,40.906272,40.906272,0.000000
1468,40.008736,40.008736,0.000000
1469,39.370656,39.370656,0.000000
1470,108.599681,40.228576,68.371105
1471,41.366784,41.366784,0.000000
1472,38.655264,38.655264,0.000000
1473,38.541184,38.541184,0.000000
1474,38.806528,38.806528,0.000000
1475,104.494016,38.295872,66.198144
1476,39.049056,39.049056,0.000000
1477,38.059616,38.059616,0.000000
1478,38.944032,38.944032,0.000000
1479,38.474944,38.474944,0.000000
1480,105.139071,38.877248,66.261823
1481,38.505952,38.505952,0.000000
1482,39.070688,39.070688,0.000000
1483,38.119200,38.119200,0.000000
1484,38.846016,38.846016,0.000000
1485,105.983071,38.109888,67.873183
1486,39.665760,39.665760,0.000000
1487,39.035136,39.035136,0.000000
1488,40.024000,40.024000,0.000000
1489,40.741023,40.741023,0.000000
1490,110.164513,42.266593,67.897920
1491,41.150496,41.150496,0.000000
1492,38.861376,38.861376,0.000000
1493,38.841825,38.841825,0.000000
1494,40.483040,40.483040,0.000000
1495,106.835745,38.671648,68.164096
1496,40.985281,40.985281,0.000000
1497,38.215936,38.215936,0.000000
1498,40.676480,40.676480,0.000000
1499,38.589952,38.589952,0.000000
1500,106.486817,38.356384,68.130433
1501,38.544064,38.544064,0.000000
1502,40.127488,40.127488,0.000000
1503,38.860448,38.860448,0.000000
1504,40.150240,40.150240,0.000000
1505,107.947104,39.287168,68.659936
1506,40.309536,40.309536,0.000000
1507,40.699968,40.699968,0.000000
1508,40.740288,40.740288,0.000000
1509,38.914048,38.914048,0.000000
1510,107.814496,39.163296,68.651200
1511,39.873537,39.873537,0.000000
1512,40.347648,40.347648,0.000000
1513,38.539520,38.539520,0.000000
1514,39.441728,39.441728,0.000000
1515,107.674784,39.369792,68.304992
1516,39.231584,39.231584,0.000000
1517,40.507552,40.507552,0.000000
1518,40.325568,40.325568,0.000000
1519,38.818816,38.818816,0.000000
1520,107.833823,38.243488,69.590335
1521,38.887200,38.887200,0.000000
1522,39.799519,39.799519,0.000000
1523,41.012736,41.012736,0.000000
1524,39.537088,39.537088,0.000000
1525,105.857248,37.772736,68.084512
1526,39.495840,39.495840,0.000000
1527,38.758400,38.758400,0.000000
1528,39.795104,39.795104,0.000000
1529,39.603936,39.603936,0.000000
1530,109.385760,40.463136,68.922624
1531,39.845536,39.845536,0.000000
1532,38.710976,38.710976,0.000000
1533,38.972000,38.972000,0.000000
1534,39.538431,39.538431,0.000000
1535,108.209793,39.021376,69.188416
1536,41.962048,41.962048,0.000000
1537,41.178144,41.178144,0.000000
1538,40.298656,40.298656,0.000000
1539,41.186080,41.186080,0.000000
1540,109.289984,41.165856,68.124128
1541,41.106592,41.106592,0.000000
1542,40.539488,40.539488,0.000000
1543,40.364224,40.364224,0.000000
1544,39.260992,39.260992,0.000000
1545,107.230976,40.284512,66.946464
1546,38.922080,38.922080,0.000000
1547,38.616064,38.616064,0.000000
1548,39.483200,39.483200,0.000000
1549,38.835616,38.835616,0.000000
1550,107.687552,39.220128,68.467424
1551,38.624512,38.624512,0.000000
1552,38.647008,38.647008,0.000000
1553,38.977088,38.977088,0.000000
1554,38.905247,38.905247,0.000000
1555,105.995008,38.468768,67.526239
1556,38.598655,38.598655,0.000000
1557,38.541312,38.541312,0.000000
1558,38.817792,38.817792,0.000000
1559,38.599871,38.599871,0.000000
1560,108.015456,38.477856,69.537601
1561,38.346656,38.346656,0.000000
1562,38.287360,38.287360,0.000000
1563,38.729728,38.729728,0.000000
1564,38.419457,38.419457,0.000000
1565,106.103457,38.280640,67.822816
1566,38.922816,38.922816,0.000000
1567,38.499072,38.499072,0.000000
1568,38.463072,38.463072,0.000000
1569,38.213568,38.213568,0.000000
1570,105.926560,38.529344,67.397216
1571,38.663168,38.663168,0.000000
1572,38.450912,38.450912,0.000000
1573,38.741024,38.741024,0.000000
1574,40.035968,40.035968,0.000000
1575,107.657856,38.234240,69.423616
1576,39.210976,39.210976,0.000000
1577,39.036736,39.036736,0.000000
1578,38.518720,38.518720,0.000000
1579,38.913056,38.913056,0.000000
1580,110.534081,39.753728,70.780353
1581,39.323808,39.323808,0.000000
1582,39.059840,39.059840,0.000000
1583,40.235553,40.235553,0.000000
1584,39.650305,39.650305,0.000000
1585,109.041183,39.049215,69.991968
1586,41.685408,41.685408,0.000000
1587,40.800416,40.800416,0.000000
1588,39.108351,39.108351,0.000000
1589,40.610944,40.610944,0.000000
1590,106.477568,38.732960,67.744608
1591,38.555328,38.555328,0.000000
1592,38.842496,38.842496,0.000000
1593,38.551616,38.551616,0.000000
1594,38.923808,38.923808,0.000000
1595,106.140383,38.374304,67.766079
1596,38.505856,38.505856,0.000000
1597,38.797344,38.797344,0.000000
1598,38.590944,38.590944,0.000000
1599,38.221536,38.221536,0.000000
1600,108.514208,38.702400,69.811808
1601,38.425856,38.425856,0.000000
1602,38.566720,38.566720,0.000000
1603,38.482431,38.482431,0.000000
1604,38.193728,38.193728,0.000000
1605,106.128704,38.132736,67.995968
1606,38.816928,38.816928,0.000000
1607,38.524992,38.524992,0.000000
1608,38.966112,38.966112,0.000000
1609,38.556896,38.556896,0.000000
1610,106.682688,38.579200,68.103488
1611,38.694336,38.694336,0.000000
1612,38.374944,38.374944,0.000000
1613,38.250432,38.250432,0.000000
1614,38.505440,38.505440,0.000000
1615,106.306047,38.376575,67.929472
1616,38.774784,38.774784,0.000000
1617,38.523584,38.523584,0.000000
1618,38.399328,38.399328,0.000000
1619,38.510592,38.510592,0.000000
1620,106.147999,38.463743,67.684256
1621,38.832864,38.832864,0.000000
1622,38.658336,38.658336,0.000000
1623,38.414112,38.414112,0.000000
1624,38.809056,38.809056,0.000000
1625,106.694240,38.020576,68.673664
1626,38.720128,38.720128,0.000000
1627,37.973312,37.973312,0.000000
1628,39.823264,39.823264,0.000000
1629,38.123584,38.123584,0.000000
1630,105.567969,38.178849,67.389120
1631,38.258432,38.258432,0.000000
1632,38.582752,38.582752,0.000000
1633,38.340192,38.340192,0.000000
1634,38.482464,38.482464,0.000000
1635,105.037184,37.938689,67.098495
1636,38.800896,38.800896,0.000000
1637,38.177920,38.177920,0.000000
1638,38.418400,38.418400,0.000000
1639,38.612768,38.612768,0.000000
1640,105.946144,38.407360,67.538784
1641,38.114848,38.114848,0.000000
1642,38.296320,38.296320,0.000000
1643,38.008064,38.008064,0.000000
1644,38.177888,38.177888,0.000000
1645,104.960640,37.978336,66.982304
1646,38.422368,38.422368,0.000000
1647,37.405216,37.405216,0.000000
1648,38.483072,38.483072,0.000000
1649,37.662016,37.662016,0.000000
1650,104.678624,38.031360,66.647264
1651,37.788864,37.788864,0.000000
1652,39.053280,39.053280,0.000000
1653,37.781504,37.781504,0.000000
1654,38.039104,38.039104,0.000000
1655,104.271904,37.732896,66.539008
1656,38.108704,38.108704,0.000000
1657,38.015104,38.015104,0.000000
1658,38.171488,38.171488,0.000000
1659,37.703200,37.703200,0.000000
1660,105.011712,38.151360,66.860352
1661,37.956960,37.956960,0.000000
1662,38.135168,38.135168,0.000000
1663,37.876128,37.876128,0.000000
1664,37.608096,37.608096,0.000000
1665,103.850880,37.284928,66.565952
1666,38.096672,38.096672,0.000000
1667,37.594240,37.594240,0.000000
1668,37.971968,37.971968,0.000000
1669,37.723200,37.723200,0.000000
1670,104.460960,37.718112,66.742848
1671,39.021664,39.021664,0.000000
1672,38.320416,38.320416,0.000000
1673,37.851584,37.851584,0.000000
1674,39.648832,39.648832,0.000000
1675,106.281729,37.980097,68.301632
1676,39.600832,39.600832,0.000000
1677,38.334176,38.334176,0.000000
1678,39.128224,39.128224,0.000000
1679,38.094016,38.094016,0.000000
1680,106.272671,37.602304,68.670368
1681,37.955520,37.955520,0.000000
1682,38.423968,38.423968,0.000000
1683,38.114080,38.114080,0.000000
1684,38.304192,38.304192,0.000000
1685,108.539839,39.143392,69.396447
1686,38.128992,38.128992,0.000000
1687,40.235936,40.235936,0.000000
1688,38.808576,38.808576,0.000000
1689,38.192000,38.192000,0.000000
1690,104.330145,37.529793,66.800352
1691,37.488192,37.488192,0.000000
1692,37.404064,37.404064,0.000000
1693,37.424896,37.424896,0.000000
1694,37.390368,37.390368,0.000000
1695,104.167168,37.159264,67.007905
1696,37.866880,37.866880,0.000000
1697,37.230784,37.230784,0.000000
1698,36.845152,36.845152,0.000000
1699,37.287328,37.287328,0.000000
1700,104.383873,37.449152,66.934721
1701,37.406368,37.406368,0.000000
1702,36.961312,36.961312,0.000000
1703,37.420672,37.420672,0.000000
1704,37.237855,37.237855,0.000000
1705,104.078656,37.030016,67.048640
1706,37.892896,37.892896,0.000000
1707,37.241408,37.241408,0.000000
1708,37.039104,37.039104,0.000000
1709,36.992960,36.992960,0.000000
1710,104.179809,36.991200,67.188609
1711,37.434688,37.434688,0.000000
1712,37.073568,37.073568,0.000000
1713,36.994432,36.994432,0.000000
1714,37.233856,37.233856,0.000000
1715,104.102496,37.053440,67.049056
1716,37.709408,37.709408,0.000000
1717,37.058592,37.058592,0.000000
1718,36.998400,36.998400,0.000000
1719,36.735392,36.735392,0.000000
1720,105.124257,36.698848,68.425409
1721,39.561280,39.561280,0.000000
1722,37.388032,37.388032,0.000000
1723,36.493376,36.493376,0.000000
1724,36.733920,36.733920,0.000000
1725,104.030624,36.759424,67.271200
1726,37.165984,37.165984,0.000000
1727,36.801312,36.801312,0.000000
1728,36.787520,36.787520,0.000000
1729,36.685248,36.685248,0.000000
1730,104.291200,37.157889,67.133311
1731,37.146528,37.146528,0.000000
1732,37.009888,37.009888,0.000000
1733,36.734112,36.734112,0.000000
1734,36.652544,36.652544,0.000000
1735,103.795744,36.691584,67.104160
1736,38.149760,38.149760,0.000000
1737,36.890816,36.890816,0.000000
1738,37.942976,37.942976,0.000000
1739,37.941888,37.941888,0.000000
1740,103.680352,36.563936,67.116416
1741,36.993856,36.993856,0.000000
1742,36.723648,36.723648,0.000000
1743,36.382849,36.382849,0.000000
1744,36.468928,36.468928,0.000000
1745,103.723104,36.543520,67.179584
1746,37.173536,37.173536,0.000000
1747,36.473120,36.473120,0.000000
1748,36.371264,36.371264,0.000000
1749,36.472544,36.472544,0.000000
1750,103.449408,36.376288,67.073121
1751,37.032799,37.032799,0.000000
1752,36.648864,36.648864,0.000000
1753,36.431136,36.431136,0.000000
1754,36.496000,36.496000,0.000000
1755,103.413280,36.396128,67.017152
1756,36.972704,36.972704,0.000000
1757,36.786784,36.786784,0.000000
1758,36.272896,36.272896,0.000000
1759,36.259648,36.259648,0.000000
1760,103.201216,36.208864,66.992352
1761,36.991392,36.991392,0.000000
1762,37.218528,37.218528,0.000000
1763,36.408800,36.408800,0.000000
1764,36.822368,36.822368,0.000000
1765,103.508447,36.490496,67.017951
1766,36.912320,36.912320,0.000000
1767,36.318527,36.318527,0.000000
1768,36.691904,36.691904,0.000000
1769,36.495712,36.495712,0.000000
1770,103.306047,36.286272,67.019775
1771,36.788736,36.788736,0.000000
1772,36.663649,36.663649,0.000000
1773,36.446112,36.446112,0.000000
1774,36.478880,36.478880,0.000000
1775,103.034784,36.080224,66.954560
1776,36.985664,36.985664,0.000000
1777,36.491840,36.491840,0.000000
1778,36.208288,36.208288,0.000000
1779,35.919456,35.919456,0.000000
1780,103.056512,36.160128,66.896384
1781,36.501312,36.501312,0.000000
1782,36.455360,36.455360,0.000000
1783,36.219328,36.219328,0.000000
1784,36.326816,36.326816,0.000000
1785,103.162688,36.295808,66.866880
1786,37.011616,37.011616,0.000000
1787,36.357984,36.357984,0.000000
1788,38.072640,38.072640,0.000000
1789,37.328032,37.328032,0.000000
1790,104.047488,37.423647,66.623840
1791,38.244864,38.244864,0.000000
1792,36.930656,36.930656,0.000000
1793,36.093984,36.093984,0.000000
1794,36.346240,36.346240,0.000000
1795,106.620224,37.773376,68.846848
1796,38.614112,38.614112,0.000000
1797,36.594175,36.594175,0.000000
1798,39.822848,39.822848,0.000000
1799,38.207392,38.207392,0.000000
1800,109.826625,40.550784,69.275840
1801,40.351744,40.351744,0.000000
1802,39.903104,39.903104,0.000000
1803,37.179328,37.179328,0.000000
1804,37.760257,37.760257,0.000000
1805,106.880703,37.832704,69.047999
1806,36.820320,36.820320,0.000000
1807,36.618720,36.618720,0.000000
1808,40.645599,40.645599,0.000000
1809,38.755904,38.755904,0.000000
1810,105.687423,36.778848,68.908576
1811,36.432608,36.432608,0.000000
1812,38.793185,38.793185,0.000000
1813,38.765504,38.765504,0.000000
1814,40.118528,40.118528,0.000000
1815,106.770208,37.417408,69.352800
1816,38.647616,38.647616,0.000000
1817,39.954367,39.954367,0.000000
1818,37.505696,37.505696,0.000000
1819,36.466432,36.466432,0.000000
1820,105.551168,39.049888,66.501279
1821,36.110592,36.110592,0.000000
1822,36.302400,36.302400,0.000000
1823,35.904768,35.904768,0.000000
1824,36.483744,36.483744,0.000000
1825,102.483296,36.148800,66.334496
1826,36.307200,36.307200,0.000000
1827,36.041664,36.041664,0.000000
1828,36.313376,36.313376,0.000000
1829,36.267904,36.267904,0.000000
1830,102.464353,36.219584,66.244769
1831,37.827584,37.827584,0.000000
1832,36.138624,36.138624,0.000000
1833,35.769344,35.769344,0.000000
1834,35.763808,35.763808,0.000000
1835,103.290720,36.996064,66.294656
1836,36.100384,36.100384,0.000000
1837,35.723008,35.723008,0.000000
1838,35.040479,35.040479,0.000000
1839,35.280864,35.280864,0.000000
1840,103.108736,35.604896,67.503839
1841,36.805120,36.805120,0.000000
1842,38.189472,38.189472,0.000000
1843,35.720128,35.720128,0.000000
1844,39.422336,39.422336,0.000000
1845,105.110080,35.691296,69.418784
1846,37.173984,37.173984,0.000000
1847,38.284800,38.284800,0.000000
1848,37.769152,37.769152,0.000000
1849,37.945312,37.945312,0.000000
1850,106.662881,37.940384,68.722497
1851,36.211807,36.211807,0.000000
1852,38.682240,38.682240,0.000000
1853,35.460224,35.460224,0.000000
1854,39.007840,39.007840,0.000000
1855,101.761921,35.702912,66.059009
1856,38.837312,38.837312,0.000000
1857,36.684896,36.684896,0.000000
1858,38.933120,38.933120,0.000000
1859,35.903040,35.903040,0.000000
1860,106.081057,38.036896,68.044160
1861,40.592960,40.592960,0.000000
1862,36.727136,36.727136,0.000000
1863,35.152096,35.152096,0.000000
1864,37.989920,37.989920,0.000000
1865,104.697695,37.791296,66.906400
1866,39.359296,39.359296,0.000000
1867,35.438720,35.438720,0.000000
1868,37.642560,37.642560,0.000000
1869,37.164416,37.164416,0.000000
1870,104.512384,37.668032,66.844352
1871,35.541856,35.541856,0.000000
1872,37.765088,37.765088,0.000000
1873,37.712896,37.712896,0.000000
1874,38.459584,38.459584,0.000000
1875,104.045696,35.254624,68.791072
1876,37.858304,37.858304,0.000000
1877,36.950016,36.950016,0.000000
1878,36.460576,36.460576,0.000000
1879,37.061664,37.061664,0.000000
1880,105.536447,36.455008,69.081439
1881,37.819008,37.819008,0.000000
1882,39.052416,39.052416,0.000000
1883,35.594272,35.594272,0.000000
1884,35.446208,35.446208,0.000000
1885,107.071840,38.373696,68.698144
1886,38.492896,38.492896,0.000000
1887,36.066240,36.066240,0.000000
1888,37.120128,37.120128,0.000000
1889,36.431488,36.431488,0.000000
1890,106.939329,38.711200,68.228129
1891,37.960000,37.960000,0.000000
1892,38.947488,38.947488,0.000000
1893,35.844704,35.844704,0.000000
1894,38.264896,38.264896,0.000000
1895,105.321313,37.003680,68.317632
1896,35.710112,35.710112,0.000000
1897,35.215008,35.215008,0.000000
1898,38.091296,38.091296,0.000000
1899,38.327840,38.327840,0.000000
1900,101.147680,35.049856,66.097824
1901,36.699072,36.699072,0.000000
1902,35.386784,35.386784,0.000000
1903,35.361376,35.361376,0.000000
1904,35.276096,35.276096,0.000000
1905,101.405440,35.376224,66.029216
1906,35.602176,35.602176,0.000000
1907,35.249312,35.249312,0.000000
1908,35.144736,35.144736,0.000000
1909,35.060480,35.060480,0.000000
1910,104.336896,35.750432,68.586464
1911,36.006656,36.006656,0.000000
1912,35.968000,35.968000,0.000000
1913,37.599072,37.599072,0.000000
1914,34.473728,34.473728,0.000000
1915,103.016736,34.298368,68.718368
1916,37.416640,37.416640,0.000000
1917,36.514049,36.514049,0.000000
1918,34.153920,34.153920,0.000000
1919,36.192416,36.192416,0.000000
1920,103.924767,36.009984,67.914783
1921,34.752992,34.752992,0.000000
1922,34.747200,34.747200,0.000000
1923,36.425248,36.425248,0.000000
1924,36.164096,36.164096,0.000000
1925,104.272800,35.128288,69.144512
1926,36.482464,36.482464,0.000000
1927,34.012000,34.012000,0.000000
1928,35.331327,35.331327,0.000000
1929,36.581984,36.581984,0.000000
1930,104.813056,35.008128,69.804929
1931,37.691808,37.691808,0.000000
1932,37.069824,37.069824,0.000000
1933,34.949984,34.949984,0.000000
1934,36.023264,36.023264,0.000000
1935,102.099487,33.647712,68.451775
1936,34.253440,34.253440,0.000000
1937,36.874336,36.874336,0.000000
1938,36.529856,36.529856,0.000000
1939,35.174624,35.174624,0.000000
1940,103.428256,33.767200,69.661056
1941,34.756896,34.756896,0.000000
1942,35.859457,35.859457,0.000000
1943,37.654464,37.654464,0.000000
1944,36.315008,36.315008,0.000000
1945,103.093120,34.194816,68.898304
1946,36.467232,36.467232,0.000000
1947,36.419264,36.419264,0.000000
1948,36.033632,36.033632,0.000000
1949,34.057248,34.057248,0.000000
1950,106.303297,37.134144,69.169152
1951,36.454783,36.454783,0.000000
1952,36.688640,36.688640,0.000000
1953,35.714943,35.714943,0.000000
1954,35.960065,35.960065,0.000000
1955,102.007937,33.053504,68.954433
1956,36.508608,36.508608,0.000000
1957,37.663744,37.663744,0.000000
1958,36.114944,36.114944,0.000000
1959,34.751136,34.751136,0.000000
1960,103.350431,34.725920,68.624512
1961,36.293568,36.293568,0.000000
1962,40.233536,40.233536,0.000000
1963,33.543776,33.543776,0.000000
1964,36.069408,36.069408,0.000000
1965,104.113825,35.605344,68.508481
1966,36.548608,36.548608,0.000000
1967,37.150719,37.150719,0.000000
1968,36.231040,36.231040,0.000000
1969,35.851072,35.851072,0.000000
1970,101.244960,35.198784,66.046176
1971,34.800480,34.800480,0.000000
1972,37.225952,37.225952,0.000000
1973,33.632544,33.632544,0.000000
1974,35.224320,35.224320,0.000000
1975,102.576544,35.445984,67.130559
1976,36.692576,36.692576,0.000000
1977,34.183872,34.183872,0.000000
1978,34.208672,34.208672,0.000000
1979,34.001344,34.001344,0.000000
1980,105.819200,37.827040,67.992160
1981,35.094208,35.094208,0.000000
1982,34.494656,34.494656,0.000000
1983,34.366848,34.366848,0.000000
1984,36.375648,36.375648,0.000000
1985,101.864897,35.065760,66.799137
1986,34.727904,34.727904,0.000000
1987,34.025248,34.025248,0.000000
1988,35.589792,35.589792,0.000000
1989,35.400416,35.400416,0.000000
1990,102.535263,36.113952,66.421311
1991,34.814304,34.814304,0.000000
1992,33.140096,33.140096,0.000000
1993,33.085151,33.085151,0.000000
1994,33.033216,33.033216,0.000000
1995,99.051583,33.204256,65.847327
1996,34.083072,34.083072,0.000000
1997,33.400384,33.400384,0.000000
1998,33.349344,33.349344,0.000000
1999,33.313312,33.313312,0.000000
